cliente;%cartao;gasto_medio;qtd_compras
139000;0;152.89;1
141300;0;449.90;1
27559;100;360.95;2
27520;100;20.00;1
126824;0;959.26;3
128733;0;728.79;6
22262;100;66.11;17
131532;0;88.80;2
126117;0;151.47;30
137077;0;225.97;3
134571;0;79.97;1
25632;100;154.52;12
136014;0;1419.60;1
25629;100;65.77;19
140398;0;362.83;8
136869;0;55.85;2
140345;0;109.80;1
122622;0;164.61;20
128122;0;214.49;2
49059;0;575.48;3
23772;100;66.89;5
125782;0;250.00;1
135182;0;53.66;13
130049;0;159.98;1
136209;0;452.60;2
22445;100;172.85;8
25288;100;22.20;1
18933;65;40.28;17
139345;0;267.38;5
20859;100;69.87;21
20684;100;174.19;13
33340;100;36.64;15
129782;0;326.27;3
23261;100;69.98;32
137121;0;77.32;3
131610;0;336.98;4
22574;100;402.35;2
123850;0;199.96;2
22960;100;59.46;14
136319;0;87.98;9
140709;0;162.81;5
141194;0;205.92;2
22378;100;66.65;22
131521;0;1.25;1
131345;0;999.00;1
142259;0;86.45;2
134575;0;542.83;1
19971;0;163.38;51
31997;100;9.90;4
35296;55;83.02;20
18216;100;28.62;40
22883;100;39.17;23
142727;0;74.20;5
20798;100;124.63;8
140433;0;198.03;1
49552;0;49.25;2
48296;0;84.82;8
23057;100;449.80;1
38151;88;112.76;8
33793;100;43.35;37
15280;100;34.54;30
136305;0;404.80;1
127014;0;999.99;1
30487;100;95.60;9
37183;100;9.90;1
22857;96;140.27;26
68213;0;69.32;3
129593;0;266.85;5
140859;0;202.91;8
141228;0;105.49;7
27366;100;56.20;9
27315;100;66.63;3
128106;0;219.94;2
47543;0;114.09;83
135464;0;20.99;1
140250;0;278.63;3
25667;0;242.22;10
135818;0;603.98;2
23494;100;191.49;9
128484;0;80.47;5
18240;100;65.04;40
135648;0;189.21;24
136608;0;154.98;1
25249;100;126.78;8
25256;100;62.33;9
134239;0;545.37;5
141215;0;356.93;2
30937;100;41.84;15
141627;0;69.44;4
27575;100;47.96;6
45060;0;52.49;2
15189;49;137.01;172
19955;100;133.51;24
28556;100;55.37;4
19961;100;122.35;24
140534;0;1183.70;4
127273;0;265.47;3
140994;0;89.99;1
131327;0;77.27;4
126281;0;517.88;1
127440;0;1320.90;1
141105;0;48.92;5
18873;100;104.77;11
36263;0;523.64;4
19963;100;65.50;3
135035;0;69.47;10
23839;100;20.49;2
142144;0;14.30;6
45765;0;110.73;3
25351;0;80.67;2
140833;0;78.43;11
127635;0;771.61;3
37166;0;41.31;2
140036;0;5.65;1
33188;100;54.59;19
135449;0;24.20;1
27364;100;94.48;6
124605;0;81.40;1
43490;0;114.42;36
21793;100;199.07;11
33037;100;57.30;21
22628;100;146.00;3
19073;92;241.64;13
134438;0;119.98;1
135647;0;172.67;2
140806;0;1629.00;1
140039;0;39.99;1
46552;0;59.90;1
35055;100;69.35;13
22632;100;98.78;43
139598;0;139.90;1
140426;0;107.30;5
140439;0;87.87;3
140082;0;29.99;1
129930;0;109.54;1
49192;0;209.97;1
135740;0;1499.00;1
18145;100;47.38;6
28316;100;9.90;3
135215;0;1.79;1
20253;95;84.89;39
27592;100;83.97;15
127400;0;160.93;6
15645;100;59.07;52
142431;0;1399.00;1
18536;100;131.87;3
34745;0;33.35;5
16661;100;87.69;27
16791;100;84.77;2
141656;0;99.83;2
27760;100;21.40;3
47285;0;69.90;1
23823;100;74.74;12
55609;0;69.39;15
135650;0;119.98;1
22151;100;206.89;9
138502;0;55.45;2
130984;0;81.57;2
27990;100;68.46;23
31806;100;20.29;7
135881;0;1563.55;3
20303;100;102.80;1
15158;100;58.00;3
28221;100;9.90;2
139366;0;218.10;7
140031;0;77.76;6
27721;100;45.30;11
128859;0;76.76;79
17157;100;178.76;6
21955;48;94.33;50
141026;0;1518.30;2
27536;100;58.74;8
131038;0;502.06;2
142276;0;24.90;2
23107;100;180.30;6
128868;0;359.93;1
33543;100;143.33;15
21865;100;63.21;8
136230;0;49.61;10
43559;0;1175.86;5
20541;100;233.60;4
142689;0;47.98;1
40926;0;824.00;1
142734;0;24.39;3
18603;100;43.14;9
27705;100;798.00;1
44885;0;193.34;2
41946;0;135.97;8
132462;0;419.05;2
141135;0;111.50;20
132189;0;4098.00;1
27577;100;101.83;2
135323;0;17.98;1
127906;0;262.35;4
18528;100;102.07;59
133343;0;49.92;1
140386;0;85.20;4
23607;100;23.00;52
137974;0;720.36;1
23030;100;112.64;7
20321;100;57.16;1
123914;0;128.96;5
132009;0;2179.00;1
27644;100;32.46;27
140284;0;40.42;13
23554;100;184.36;5
125041;0;155.05;22
129988;0;314.10;1
141106;0;570.00;1
28241;100;56.91;13
19727;100;81.87;4
27540;100;798.00;1
132228;0;130.00;2
24779;100;100.70;1
139700;0;195.07;5
128896;0;136.62;12
124743;0;899.00;1
141063;0;109.73;4
21971;100;38.29;64
140602;0;482.25;13
126491;0;17.90;1
137158;0;154.33;1
139377;0;142.87;3
47902;0;87.90;1
131716;0;629.60;1
138914;0;132.59;6
142767;0;3197.50;2
68963;0;137.85;3
27471;100;61.32;16
131157;0;60.99;2
130283;0;13.82;1
33122;100;9.90;4
133672;0;11.04;2
30867;100;26.77;31
141633;0;368.20;2
19854;100;145.09;7
27562;100;71.17;9
35567;100;99.80;5
23490;100;11.98;1
127248;0;78.92;1
87890;0;118.58;4
24130;89;120.07;9
32283;100;24.97;7
23837;100;76.25;11
19767;100;140.83;14
23361;100;84.63;3
27627;100;79.40;2
142281;0;629.82;1
21240;100;105.86;20
131766;0;122.97;4
131073;0;119.90;1
25820;100;119.63;6
142440;0;644.54;2
141256;0;1555.33;1
21974;100;78.00;1
142309;0;119.81;30
142432;0;527.50;1
142124;0;115.84;2
134218;0;24.73;14
142677;0;449.65;10
139584;0;219.97;1
142310;0;44.47;24
33036;100;9.90;3
32153;100;35.23;10
38895;0;37.49;2
35430;100;170.23;14
142683;0;79.80;1
131048;0;689.20;1
142377;0;33.77;1
134786;0;4451.00;1
129163;0;251.50;1
27706;100;57.40;14
27426;100;32.71;1
23187;100;50.03;10
18591;100;80.60;12
135311;0;11.97;1
127790;0;119.99;1
132064;0;23.05;4
130057;0;144.90;11
139715;0;37.72;2
39054;100;41.58;8
48398;0;195.80;1
126558;0;139.90;1
132840;0;2590.00;1
142028;0;55.27;13
142755;0;8.00;1
136166;0;134.24;3
135728;0;39.90;1
141549;0;30.83;4
141084;0;209.90;1
133110;0;70.19;4
135945;0;1402.60;2
137172;0;1199.00;1
136204;0;159.96;3
20640;100;61.43;44
24732;100;88.26;8
140543;0;128.00;1
20656;100;29.93;9
139355;0;389.95;1
108;83;22.85;300
131410;0;392.98;2
20952;100;32.00;9
142698;0;1300.00;1
48890;0;27.80;5
134562;0;19.90;1
132181;0;271.95;2
140387;0;103.50;2
128861;0;38.17;1
139748;0;1456.20;3
45613;0;333.97;7
134841;0;21.30;3
33523;100;89.59;13
23327;100;98.46;16
126315;0;178.30;7
137047;0;49.88;2
37666;42;95.48;12
27681;100;92.87;8
127967;0;132.03;6
127354;0;607.49;6
140395;0;232.73;6
29500;100;111.23;18
132014;0;65.90;2
22810;100;204.52;5
27513;100;126.93;3
27356;100;14.03;4
25057;0;809.00;1
35402;100;43.77;31
137088;0;104.95;2
27747;100;47.60;7
28684;100;42.47;17
134809;0;7.99;2
130735;0;101.05;6
15168;100;105.40;18
133476;0;49.96;1
135686;0;284.84;1
134102;0;6.70;2
142836;0;214.00;2
127215;0;186.79;4
133022;0;1449.44;2
17169;100;40.08;15
25540;100;80.46;13
139344;0;119.95;2
38199;0;106.30;4
129829;0;247.98;2
18441;100;101.91;11
16083;0;279.98;1
140941;0;116.73;28
134676;0;134.88;11
140587;0;129.00;8
22259;100;124.18;10
131776;0;1849.40;2
28664;100;62.75;18
138441;0;35.00;1
141431;0;108.74;1
129316;0;189.50;1
142416;0;31.96;1
127277;0;178.46;7
127709;0;11.98;1
137182;0;171.49;3
138216;0;19.56;2
24751;100;48.33;3
142002;0;105.95;2
134462;0;32.67;6
38150;0;68.24;8
27643;100;53.61;23
130551;0;169.98;1
133685;0;12.00;1
27314;100;33.42;1
141087;0;500.00;1
124676;0;35.90;1
134061;0;49.99;1
133321;0;189.97;1
135621;0;135.85;1
22538;100;432.89;2
127142;0;69.40;1
27463;100;55.72;9
99;90;57.00;10
40343;0;145.09;16
138673;0;90.44;39
22609;100;47.81;6
49810;0;6.94;1
141173;0;1699.00;1
20282;100;83.30;23
141956;0;207.50;1
138829;0;5.97;1
136320;0;360.00;4
20804;100;93.85;20
20194;100;68.03;24
131626;0;679.83;1
21909;100;129.10;4
139354;0;182.72;6
27730;100;115.95;2
140604;0;99.90;1
141278;0;13.42;3
136055;0;226.20;85
140010;0;259.98;1
19240;100;27.59;43
136329;0;422.55;5
139778;0;139.98;1
23092;100;20.54;131
129535;0;188.62;8
140123;0;29.99;2
23789;100;69.75;8
21879;100;41.54;32
141238;0;81.67;3
142472;0;448.62;6
25623;100;230.42;4
22476;100;38.55;23
20606;100;237.99;1
34424;0;25.08;5
123777;0;126.55;2
24745;100;52.90;1
22974;100;25.48;153
27764;100;229.23;4
135663;0;254.36;2
44626;82;107.01;11
128713;0;18.90;1
125736;0;458.30;1
133750;0;36.40;1
142100;0;4.35;1
23531;100;76.96;6
141490;0;73.11;15
130044;0;139.40;2
36401;0;40.57;5
134391;0;160.00;1
130628;0;32.19;7
134457;0;999.00;1
131549;0;54.84;3
131548;0;100.93;8
141895;0;244.98;1
140122;0;83.83;32
140835;0;256.89;5
27699;100;31.82;6
142696;0;718.13;2
125582;0;1966.41;3
134279;0;77.73;16
136791;0;107.75;2
128056;0;99.26;12
141155;0;2108.98;1
126472;0;959.10;1
131081;0;312.83;5
134628;0;284.95;1
39621;0;111.05;2
140183;0;206.15;4
141486;0;17.00;1
135381;0;79.97;1
25248;100;114.86;2
132588;0;92.73;3
135586;0;158.00;1
124126;0;73.13;1
139580;0;26.43;11
27656;100;33.20;2
22675;100;40.30;3
27427;100;289.94;1
130223;0;130.00;1
129561;0;24.96;1
20230;100;148.87;10
133126;0;357.22;1
32140;100;9.90;5
48488;0;63.23;4
138206;0;16.62;2
141510;0;1651.00;1
18632;100;42.68;32
28159;100;31.93;14
35182;100;77.70;20
142290;0;39.90;1
129547;0;102.96;1
139242;0;39.34;2
20790;100;48.24;33
137187;0;244.00;4
139758;0;47.96;1
20688;100;66.98;4
123049;0;29.47;14
135833;0;86.45;1
137026;0;1165.84;3
27552;100;299.70;1
133103;0;64.01;1
22404;100;87.00;11
136141;0;183.71;5
138197;0;291.20;5
45370;0;518.79;8
44101;0;40.00;1
30474;100;22.49;23
25241;100;75.58;4
37608;0;63.70;4
128079;0;719.20;1
135521;0;52.97;2
27652;100;64.98;2
134891;0;196.95;1
132214;0;89.99;1
133398;0;82.24;9
32063;0;203.25;1
135268;0;9.45;1
49944;0;288.20;3
19907;100;87.07;50
20680;100;270.00;1
136989;0;259.97;1
21675;94;76.46;17
136262;0;599.00;1
139068;0;223.26;9
123568;0;547.34;3
142363;0;116.99;4
20728;100;95.13;5
129588;0;92.24;4
20884;100;110.95;14
135614;0;170.80;2
136264;0;599.00;1
27516;100;42.00;1
142202;0;249.00;1
140914;0;79.60;20
30125;0;67.42;16
22164;98;67.23;53
135720;0;99.98;6
129968;0;117.70;2
139211;0;150.30;3
131262;0;74.99;2
24043;100;36.89;24
133784;0;12.97;1
140633;0;89.99;1
25417;0;52.88;3
136826;0;249.99;1
140529;0;8.50;1
130008;0;157.74;1
18808;100;13.00;1
19143;100;53.87;38
27720;100;28.82;16
22551;100;69.70;7
127130;0;216.88;1
133338;0;23.50;1
20632;100;146.73;2
16195;100;71.00;10
136693;0;359.98;1
140038;0;131.63;8
142593;0;114.93;2
23624;100;173.90;11
134668;0;239.98;1
15075;100;26.20;11
54761;0;134.33;3
142608;0;76.73;3
27660;100;164.50;5
20580;100;100.86;8
25787;0;197.50;8
36208;100;72.49;16
128344;0;154.94;2
135878;0;426.63;3
132936;0;68.95;8
142732;0;28.04;5
20557;100;24.80;17
23424;67;166.62;3
130014;0;99.97;1
25664;0;97.73;10
135786;0;459.77;1
128770;0;3199.00;1
142808;0;528.30;4
20787;100;49.74;24
43584;0;19.92;5
126204;0;148.77;12
135733;0;68.04;10
27363;100;40.18;5
19046;100;274.98;1
135279;0;12.47;1
132870;0;64.98;1
140968;0;392.87;2
142389;0;89.90;1
20397;98;66.39;55
27377;100;77.47;6
136632;0;115.00;1
139315;0;66.97;1
27484;100;31.70;13
20806;100;244.33;3
44789;0;20.32;70
141291;0;685.00;3
133898;0;13.00;1
135513;0;66.14;17
27703;100;46.42;5
142123;0;340.33;3
127924;0;25.00;1
135889;0;586.69;4
135842;0;275.92;4
126186;0;671.30;4
25013;100;21.63;2
141412;0;99.90;1
27505;100;56.33;9
23366;100;67.38;32
31962;100;9.90;3
141696;0;39.00;1
27340;100;55.93;3
132176;0;253.73;26
129041;0;264.00;1
142040;0;45.80;1
35210;100;21.58;2
135050;0;112.35;1
128155;0;195.86;9
132981;0;361.53;1
45062;0;98.69;10
48627;0;106.17;10
140889;0;198.14;3
23749;100;73.41;11
19206;100;57.28;7
140886;0;609.33;3
25314;8;94.05;1363
133005;0;251.99;1
20619;100;131.94;2
142765;0;158.82;1
134420;0;272.83;2
135887;0;30.06;7
140608;0;923.00;3
139244;0;199.97;8
132525;0;59.99;1
27691;100;40.54;11
47144;0;52.47;2
141693;0;92.20;10
47452;0;320.32;7
133277;0;246.77;3
23868;100;87.27;10
22165;100;83.70;10
38165;0;443.57;1
35434;0;82.71;34
142688;0;204.96;1
131894;0;169.90;2
27687;100;100.72;2
134050;0;379.90;1
130071;0;95.23;2
28392;100;9.90;3
49338;0;339.60;1
16227;100;52.51;18
29315;100;9.90;2
142533;0;109.00;1
132860;0;699.00;3
23553;100;67.10;1
135933;0;16.39;1
19841;100;118.02;3
136563;0;44.39;2
49082;0;866.57;3
123215;0;106.55;3
24098;100;26.49;77
32044;0;25.98;38
140881;0;333.12;8
36830;0;83.11;30
124;0;21.25;5
134637;0;23.80;1
20855;100;200.00;1
127380;0;399.90;1
125848;0;33.85;2
140693;0;173.12;1
130042;0;121.12;1
113662;0;52.27;3
136751;0;83.84;17
128168;0;712.95;1
135838;0;53.45;3
25401;100;59.66;29
27400;100;107.27;3
25328;0;91.49;118
140500;0;159.90;2
125063;0;89.90;1
137132;0;864.83;2
139166;0;249.98;1
30926;88;19.75;8
142502;0;63.95;7
127201;0;20.00;1
135240;0;32.92;1
131655;0;147.78;6
27663;100;52.01;14
142127;0;999.00;1
132237;0;116.47;23
139597;0;795.50;4
133000;0;1539.32;3
140951;0;129.96;3
25253;100;114.42;2
135760;0;47.25;5
141600;0;179.00;1
27338;100;63.02;10
141427;0;105.18;23
123814;0;294.39;2
22943;100;71.63;25
127944;0;120.82;10
135091;0;399.60;1
45680;0;129.80;1
37811;0;1200.00;1
140995;0;26.47;2
141428;0;129.80;1
139025;0;184.83;2
20815;100;64.43;36
135725;0;87.02;6
134671;0;68.32;3
22121;100;30.00;18
141162;0;248.99;1
135852;0;49.99;1
47599;0;109.97;1
27697;100;103.34;4
22745;33;128.95;162
19061;100;33.10;35
139549;0;54.98;1
135644;0;199.97;1
140045;0;39.99;1
28018;100;112.02;7
129651;0;155.18;2
27642;100;21.60;13
141306;0;275.50;1
27492;100;52.32;6
141730;0;46.48;6
141539;0;68.50;3
136487;0;11.50;1
135959;0;218.03;5
25588;100;32.52;8
139868;0;323.91;1
135451;0;574.99;3
19287;100;800.00;1
23713;100;61.67;38
132961;0;238.00;1
123048;0;22.81;12
141978;0;15.30;2
129072;0;39.50;1
127416;0;140.18;21
134656;0;229.97;1
131904;0;145.97;2
131912;0;739.30;3
141343;0;100.19;6
140606;0;167.82;14
135693;0;6.49;1
19684;100;165.95;4
122863;0;58.94;2
23853;100;34.31;68
141459;0;77.92;5
142456;0;279.54;5
141391;0;103.43;3
141867;0;41.80;22
140827;0;1598.00;1
27321;100;49.98;17
30143;100;190.22;3
140048;0;1639.08;2
20902;100;39.90;1
22678;100;65.22;3
33251;100;26.86;15
24136;75;68.80;4
39450;0;201.96;2
128041;0;140.27;57
136929;0;144.90;1
139759;0;115.60;37
134448;0;6.00;1
128097;0;400.05;1
133301;0;43.52;7
16552;100;94.10;6
129095;0;24.45;2
125055;0;1844.00;2
47522;0;4.99;1
19851;100;169.00;1
27545;100;49.78;14
19624;0;76.73;32
140791;0;2870.00;1
24792;100;309.95;1
132597;0;90.45;11
141381;0;62.27;7
132967;0;267.05;18
22803;100;111.79;30
128026;0;32.90;44
20008;100;76.89;10
27360;100;121.99;2
22373;100;126.61;20
135965;0;1349.00;1
45924;50;351.75;6
138183;0;114.98;1
140383;0;155.00;1
27739;100;112.47;11
27482;100;51.28;2
48150;0;266.02;28
27422;100;58.33;19
37637;0;55.41;4
22231;100;39.98;15
25236;100;384.00;1
23665;100;81.00;2
44398;0;1034.55;2
138610;0;106.88;8
24042;100;21.45;2
23799;100;45.20;15
129276;0;172.10;8
27865;100;91.92;9
142292;0;1021.38;4
140047;0;515.97;2
129342;0;48.86;11
22129;100;52.72;25
27690;100;16.78;56
37243;100;55.91;10
141027;0;169.96;1
134274;0;126.13;9
27650;100;152.33;3
23805;100;160.13;3
124019;0;47.80;1
27550;100;64.83;9
33537;93;73.10;27
135294;0;226.73;2
36986;0;89.25;31
25563;100;39.57;6
22387;100;56.75;15
27651;100;144.87;11
25046;100;139.99;2
128369;0;221.27;25
142199;0;178.40;5
138990;0;146.79;2
129737;0;1267.90;1
22349;100;78.70;5
137123;0;289.90;1
141168;0;197.44;4
125855;0;291.12;49
25663;0;70.90;12
25545;100;47.34;15
141237;0;37.68;7
127136;0;119.95;1
20025;100;29.95;2
36586;0;199.00;1
139340;0;89.80;1
15552;100;60.91;2
141740;0;371.63;1
127341;0;169.50;1
44882;0;174.95;1
22307;100;354.65;2
140601;0;359.49;2
27467;100;94.48;5
16844;100;26.56;12
142386;0;792.50;2
27688;100;57.82;38
20578;100;147.29;2
142107;0;51.64;3
132962;0;1349.45;2
130356;0;514.33;3
44562;0;165.60;1
130122;0;71.68;2
138624;0;83.30;2
23046;100;229.90;1
130102;0;1499.00;1
126877;0;177.18;6
140397;0;61.98;1
142128;0;24.74;2
48283;0;108.20;3
142154;0;43.49;1
125904;0;46.86;44
40300;0;954.02;4
125710;0;137.53;6
48298;0;73.74;24
140547;0;279.96;1
40777;0;147.30;12
141253;0;314.35;2
141456;0;3.60;1
125871;0;82.45;5
142652;0;873.85;3
27632;100;173.09;4
135423;0;65.76;6
139585;0;110.49;1
27388;100;137.73;10
49283;0;310.03;5
133472;0;35.52;3
131650;0;48.14;3
130618;0;32.40;3
139487;0;71.41;4
49280;0;3243.80;1
22226;100;87.41;4
27571;100;41.01;31
132412;0;279.96;1
18980;100;125.93;3
23517;100;77.09;15
142758;0;58.30;1
128700;0;498.21;2
21676;100;28.83;3
141449;0;259.79;1
124425;0;272.47;4
22789;100;72.98;25
22856;100;129.58;8
125719;0;149.93;1
27669;100;84.90;7
135020;0;59.99;1
136122;0;219.99;1
101526;0;11.00;1
137112;0;92.74;7
141584;0;441.35;6
27671;100;15.65;4
138647;0;116.08;12
136154;0;209.36;1
20424;100;87.74;11
131932;0;214.97;2
17216;100;63.81;23
49933;0;2.54;1
135816;0;219.60;1
22136;100;144.21;13
142033;0;64.93;3
137044;0;279.98;1
135393;0;116.73;1
22819;100;109.47;6
135793;0;441.00;3
22306;100;87.58;10
34119;0;26.56;3
21858;100;60.65;12
142485;0;169.90;1
23027;100;74.73;16
47241;0;130.48;18
123478;0;299.93;1
24776;97;38.31;29
124031;0;35.82;9
141206;0;227.25;2
20840;100;133.38;6
132748;0;2291.70;1
123404;0;50.80;1
141198;0;5163.00;1
124026;0;101.32;15
23524;85;87.56;13
127662;0;238.55;4
20138;100;90.48;6
140492;0;51.99;2
134631;0;193.47;2
129869;0;218.95;6
139236;0;229.84;1
137739;0;79.99;1
140119;0;119.99;1
124494;0;193.00;1
22474;100;275.39;8
48645;0;108.04;9
15155;100;120.26;7
139162;0;118.63;27
136356;0;94.01;4
20659;100;58.64;11
135863;0;121.25;2
135807;0;161.11;5
135596;0;27.00;1
126446;0;126.34;146
142145;0;204.85;2
137069;0;137.94;3
48257;0;338.43;7
140420;0;59.99;1
17446;100;129.31;22
132248;0;58.34;4
130298;0;20.85;4
132401;0;175.60;1
135856;0;170.87;3
37842;0;99.99;1
123761;0;189.95;1
22159;94;113.94;18
136401;0;133.24;8
142524;0;45.63;3
140700;0;1099.00;1
129542;0;32.18;4
140605;0;1183.95;2
131599;0;90.86;3
131918;0;899.00;1
134660;0;119.46;1
127330;0;990.31;3
140809;0;96.90;1
29559;100;9.90;2
137109;0;74.14;16
32309;100;9.90;2
131075;0;525.35;4
142571;0;420.76;10
134632;0;172.37;1
133993;0;99.82;19
142466;0;983.42;2
96739;0;143.10;1
27325;100;134.54;7
33665;100;93.16;12
128580;0;89.99;1
142667;0;180.75;2
126788;0;234.20;3
140118;0;4.50;1
27404;100;72.40;11
141246;0;674.23;4
23608;100;22.19;34
25317;0;64.11;3
24126;100;99.90;1
27373;100;25.10;84
22975;100;11.00;1
140890;0;274.42;18
14854;0;46.14;104
135943;0;199.91;6
131329;0;326.08;2
132301;0;249.20;1
20198;100;80.52;15
138878;0;125.12;3
20319;100;42.45;2
25276;47;46.97;76
20647;100;82.89;13
20296;100;53.52;26
110045;0;180.59;92
48486;0;521.10;4
136558;0;95.90;1
33161;100;306.09;7
142477;0;47.89;1
48741;0;73.13;1
133950;0;2.59;1
139653;0;159.97;1
19925;100;88.09;10
142025;0;85.79;1
46217;0;121.11;2
27762;100;33.90;2
48492;0;61.45;2
35498;0;139.34;22
24809;100;27.43;14
136579;0;220.80;1
22721;100;41.90;17
15885;100;246.26;5
25658;100;28.17;10
23406;100;56.45;11
25544;100;54.70;21
25033;100;93.78;7
27719;100;103.88;5
139724;0;2.00;1
22633;100;224.13;2
126361;0;1099.00;1
127347;0;475.00;1
49715;0;170.13;4
22319;100;156.65;3
124542;0;61.22;17
27344;100;489.00;1
141996;0;546.97;5
42308;0;40.96;1
27365;100;72.82;4
140526;0;118.73;2
22367;100;48.10;46
22416;100;63.75;1
27450;100;159.98;1
131678;0;14.75;2
27599;100;8.00;1
140344;0;99.75;3
19075;0;668.99;2
139704;0;119.90;2
123279;0;434.56;1
140976;0;319.28;3
19532;100;189.99;2
33315;100;79.84;11
128457;0;229.60;2
134162;0;120.95;2
141019;0;3.49;1
27323;100;58.29;11
27428;100;202.50;3
16729;100;159.96;1
124418;0;15.05;3
130297;0;113.87;1
23672;100;57.75;10
137646;0;171.10;7
132005;0;37.49;2
141411;0;203.30;1
127648;0;263.23;3
129058;0;171.43;3
25023;100;144.99;2
76974;0;44.46;6
140996;0;754.59;2
141525;0;345.64;6
49834;0;57.30;1
27330;100;35.68;17
132070;0;164.25;1
20045;100;73.00;3
25257;100;19.07;3
142131;0;12.96;1
137145;0;94.84;6
141071;0;139.90;1
140912;0;154.14;24
22166;100;43.15;43
20807;100;38.83;107
27466;100;54.45;8
27595;100;37.82;27
137142;0;15.00;1
131713;0;2770.00;1
27524;100;849.00;1
142301;0;186.65;3
134277;0;4047.12;1
132679;0;212.74;54
134253;0;79.00;13
140078;0;94.13;3
140478;0;39.90;1
135473;0;1099.00;2
46275;0;34.85;2
140493;0;39.45;2
132236;0;44.73;22
124607;0;216.95;57
20515;100;150.43;10
30976;100;17.21;22
20405;100;42.00;1
23644;100;50.91;17
124748;0;836.10;1
20832;100;118.95;14
27771;100;88.06;23
49285;0;49.99;1
22993;100;101.30;1
132841;0;89.58;7
135975;0;1800.00;1
29961;100;36.00;8
142850;0;71.15;1
141979;0;492.27;4
140488;0;68.24;20
134589;0;1211.67;3
142787;0;199.97;1
127091;0;107.49;4
19766;100;108.54;8
140404;0;85.85;7
129932;0;100.97;5
131020;0;239.00;1
48536;0;116.55;5
23846;100;203.44;9
62852;0;55.84;16
34274;0;23.01;8
124038;0;628.73;1
19897;100;100.68;4
138443;0;175.29;11
126936;0;502.35;4
36812;0;14.17;15
22238;100;105.53;4
142663;0;232.96;3
139975;0;33.05;8
130652;0;623.64;5
140481;0;143.61;2
130546;0;85.20;10
47558;0;449.50;4
137150;0;219.96;1
20873;100;84.27;10
127721;0;175.21;1
142665;0;39.55;3
141090;0;45.00;1
140480;0;259.80;1
132315;0;69.35;1
125692;0;332.91;11
140813;0;1899.00;2
47728;0;257.33;1
123732;0;12.28;1
27329;100;85.91;7
48190;0;51.30;1
46197;0;133.78;8
135255;0;97.65;15
79154;0;155.02;3
141281;0;29.90;1
27483;100;171.35;2
17139;94;42.59;53
33438;100;101.26;6
136418;0;271.09;3
27579;100;39.80;2
134711;0;15.98;1
142478;0;52.90;1
133488;0;606.93;9
27337;100;50.97;45
140227;0;399.03;6
20327;100;68.99;35
27434;100;74.19;11
141293;0;109.50;1
22718;100;64.82;18
27634;100;63.43;9
122750;0;357.09;4
133329;0;51.66;24
130064;0;64.99;1
23326;0;99.72;4
47426;0;47.66;9
140960;0;113.26;3
19997;100;74.47;37
132765;0;550.58;2
127815;0;476.52;43
11883;100;70.49;8
140810;0;88.57;6
136504;0;154.05;16
137466;0;83.07;9
141047;0;59.99;1
23488;100;83.25;6
135573;0;239.90;1
15047;100;45.42;9
122837;0;129.00;1
27711;100;214.82;5
126214;0;24.08;8
135083;0;109.90;1
135216;0;28.02;1
34019;100;61.31;24
20514;100;28.47;28
19687;100;41.27;21
139840;0;29.80;1
49078;0;41.95;1
132843;0;145.70;1
22042;100;59.48;5
27509;100;28.90;1
131789;0;338.80;10
22492;100;106.24;21
32125;0;133.80;3
49499;0;30.00;1
46103;0;899.00;1
22679;100;90.98;32
141526;0;123.60;3
35665;100;9.90;1
40991;0;459.89;1
133590;0;538.73;4
137002;0;216.65;4
27553;100;334.30;2
134903;0;49.97;4
24116;100;25.75;149
22442;100;86.86;11
131583;0;1798.00;1
23750;100;223.26;3
19796;98;46.02;48
27367;100;31.27;19
49932;100;28.04;28
141457;0;359.60;1
19863;100;32.92;2
24794;100;200.00;2
27551;100;34.54;13
46244;0;86.55;78
141814;0;169.97;1
141519;0;39.98;1
22372;100;40.85;1
142417;0;95.82;2
141008;0;195.94;4
17486;100;99.99;1
27584;100;24.50;1
131819;0;98.94;1
140659;0;12.00;1
46887;0;54.31;3
24032;100;38.38;6
127267;0;1492.00;1
33850;98;55.93;56
126362;0;81.68;1
20630;100;31.90;2
27761;100;12.10;1
141499;0;132.89;1
22265;100;148.91;27
20174;100;88.10;18
27931;100;21.09;8
24137;100;75.41;9
128031;0;157.50;231
20890;100;57.97;26
27412;100;146.83;3
24783;100;67.47;13
125810;0;39.95;2
23215;100;142.15;22
135456;0;12.00;1
133326;0;109.90;1
141067;0;12.00;1
23400;14;135.93;7
20295;100;109.04;3
37900;0;352.71;10
27537;100;28.15;6
142044;0;149.99;1
136486;0;409.50;1
27700;100;89.20;3
27586;100;21.95;2
27594;100;153.87;3
27630;100;25.92;26
27734;100;45.53;3
48267;0;118.30;4
22624;100;95.37;22
128057;0;79.86;7
141460;0;19.99;1
140421;0;1000.00;1
133722;0;3.49;1
127830;0;179.97;1
129045;0;279.97;13
139076;0;176.49;1
134981;0;911.75;3
142757;0;149.70;1
141154;0;39.90;1
131393;0;454.00;2
142024;0;107.01;7
25613;0;95.98;6
133544;0;279.98;2
20214;100;195.45;4
27399;100;219.90;2
135010;0;18.73;6
135426;0;89.99;1
136777;0;102.29;3
32879;0;399.00;1
23075;100;39.77;158
27472;100;75.71;8
28946;100;9.90;2
141524;0;57.45;4
24035;100;88.41;15
141530;0;182.45;2
128328;0;113.90;8
142555;0;139.81;1
137966;0;61.62;78
136070;0;165.70;1
130442;0;52.40;13
47284;0;11.50;24
141904;0;1497.50;1
23502;100;16.89;44
18117;100;86.75;2
20901;100;31.82;6
141729;0;52.63;3
28749;100;55.96;24
20762;100;71.82;29
27674;100;178.07;3
136621;0;107.53;5
136359;0;159.89;2
17520;100;83.30;12
43828;100;74.43;6
134500;0;143.34;2
25601;0;22.90;2
28024;100;9.90;3
140581;0;94.29;3
20708;100;5.50;1
135253;0;209.92;1
25038;100;105.87;7
30475;100;9.90;3
126385;0;579.10;1
128417;0;101.59;4
15165;100;80.00;3
27654;100;77.13;9
141520;0;162.18;12
44027;0;14.07;21
142005;0;1259.00;1
24064;100;50.70;1
33125;100;35.12;28
23798;100;28.38;3
25542;100;94.22;9
18771;100;123.77;3
130020;0;235.70;1
21993;25;113.82;4
122623;0;1057.62;3
23586;100;36.46;39
141373;0;154.59;3
134137;0;830.00;4
22585;100;66.77;1
139654;0;43.89;2
125873;0;49.98;1
142129;0;99.00;1
128064;0;1152.98;3
19906;100;32.00;1
29109;100;159.67;5
132363;0;265.57;2
140866;0;119.80;1
136491;0;319.70;1
126734;0;234.95;2
140063;0;89.99;1
45879;0;340.31;3
136843;0;49.90;1
21759;100;26.68;51
23755;100;117.29;5
140967;0;119.95;1
138552;0;43.44;1
130732;0;106.18;18
140125;0;150.71;4
25543;100;93.98;13
132127;0;379.30;2
141383;0;968.73;4
37604;0;57.86;9
142644;0;1245.33;1
135898;0;1344.94;3
135418;0;195.46;1
25240;100;39.18;17
135931;0;259.98;1
135708;0;121.27;5
27578;100;109.99;1
142435;0;228.60;6
35646;0;41.67;1
134409;0;999.00;1
27358;100;95.22;6
128065;0;169.93;1
27717;100;95.74;4
18363;100;74.11;10
44277;0;61.08;22
132416;0;62.36;46
142130;0;149.98;1
132413;0;1399.00;1
20870;100;62.16;32
139740;0;51.60;1
49331;0;947.80;2
140627;0;129.45;2
129783;0;199.97;1
24019;100;31.50;2
130168;0;59.98;1
127404;0;229.85;2
133358;0;34.67;3
20705;100;61.66;5
133764;0;12.25;1
140613;0;695.53;3
140697;0;2270.00;1
19593;100;76.59;23
25927;100;50.03;12
132478;0;42.49;1
142687;0;76.90;4
135885;0;39.90;1
140558;0;89.60;1
22634;100;182.63;3
136829;0;179.60;6
126578;0;160.05;6
22269;100;112.62;5
17731;100;23.30;14
22255;100;58.64;14
141772;0;74.99;2
139133;0;116.25;2
23207;100;44.66;4
44683;0;181.79;150
136975;0;73.90;7
30650;100;67.43;8
135532;0;49.10;11
24045;100;22.45;2
135391;0;199.90;1
128046;0;18.87;1
48194;0;532.68;5
140842;0;536.56;5
131071;0;427.88;1
142070;0;178.98;2
19649;100;66.61;10
36841;0;301.99;2
132207;0;179.98;1
133117;0;239.00;1
134428;0;281.25;7
131374;0;74.17;8
21709;100;46.60;3
27581;100;49.53;3
141742;0;141.17;6
125988;0;208.59;2
139367;0;110.93;2
27396;100;159.60;1
140066;0;64.50;2
21886;100;73.58;6
22849;100;55.83;20
142188;0;39.99;1
136713;0;557.15;3
127894;0;267.50;1
140798;0;137.12;7
27523;100;39.57;3
25010;100;143.73;3
21906;100;35.75;1
25008;100;98.17;6
20516;100;61.60;13
35849;0;8.36;2
140542;0;15.63;2
136252;0;412.69;4
141598;0;169.97;1
131508;0;179.99;1
137148;0;588.34;5
27680;100;43.18;5
25022;100;42.24;7
132782;0;239.95;1
127224;0;259.87;1
28773;100;89.60;1
127819;0;32.79;3
23842;100;42.57;5
49648;0;27.23;2
27746;100;43.59;10
139540;0;131.42;4
133870;0;56.61;5
130018;0;299.83;1
138110;0;1.79;1
19875;100;67.71;38
134745;0;153.21;15
128608;0;54.53;7
22105;100;24.44;3
20838;100;29.09;13
27676;100;420.00;1
20939;100;74.25;9
135472;0;990.00;1
135851;0;140.42;7
25325;0;620.39;5
134414;0;27.03;3
130564;0;99.99;1
21983;96;169.58;45
136752;0;41.99;2
138585;0;120.62;13
23100;100;14.90;1
136195;0;179.96;1
142016;0;89.53;10
37743;0;40.06;10
136156;0;2399.20;1
142495;0;100.00;1
140556;0;14.00;1
136408;0;45.39;1
25788;0;86.27;7
23338;100;316.47;3
27677;100;20.80;11
25230;100;73.30;16
20307;100;55.66;23
27737;100;26.52;17
22029;100;190.79;15
22114;100;368.42;2
133982;0;443.83;6
22514;100;42.38;9
27740;100;49.85;2
27420;100;11.26;3
140293;0;319.60;1
128386;0;119.46;2
133356;0;301.41;2
22342;100;48.95;2
33604;100;83.58;17
142067;0;18.55;1
22026;100;70.12;10
37116;0;23.19;1
27319;100;51.33;10
49287;0;83.97;5
27397;100;207.20;3
23684;87;83.60;15
24749;100;113.11;5
135656;0;202.38;1
139964;0;55.98;1
140396;0;183.31;3
22450;100;346.92;4
138180;0;9.37;4
27672;100;45.84;11
131163;0;121.00;10
23149;88;187.52;43
24101;67;94.07;33
43606;0;48.15;9
16849;99;23.26;115
46895;0;159.79;6
142071;0;109.75;4
129416;0;78.38;2
33651;80;81.51;5
128429;0;223.91;3
25577;0;25.00;1
22629;100;51.88;1
27738;100;120.30;7
30385;100;34.91;6
25725;82;121.32;22
17159;100;91.62;5
22330;93;169.30;29
140337;0;994.55;2
20608;100;47.57;3
35673;100;218.20;2
20789;83;32.97;29
141481;0;101.90;1
33622;0;211.17;4
136412;0;179.80;1
136640;0;67.75;3
127588;0;2100.00;1
33134;100;9.90;3
135603;0;164.85;2
128183;0;84.42;10
140836;0;285.10;1
27670;100;73.03;6
140120;0;65.89;5
127530;0;299.00;1
140607;0;449.00;1
24824;5;71.04;321
36691;0;159.98;1
23038;100;48.43;38
137131;0;119.50;1
129569;0;457.80;1
27488;100;112.86;5
140292;0;571.17;5
142809;0;79.99;1
48066;0;159.12;1
27322;100;221.98;1
45018;100;9.90;1
45401;0;75.33;2
128603;0;46.83;3
23622;100;43.50;13
134166;0;170.99;3
27618;100;53.15;11
140392;0;1099.00;1
142204;0;79.98;1
140538;0;179.99;1
142372;0;653.02;9
132319;0;152.30;13
49823;0;89.97;1
43841;0;129.62;8
130754;0;47.90;1
132452;0;326.15;35
24823;100;38.87;3
27731;100;36.76;12
27533;100;49.60;4
45552;0;35.72;3
47400;0;50.00;1
126857;0;415.11;7
46786;0;25.72;3
23600;100;160.15;6
139015;0;93.13;4
27457;100;47.37;22
137040;0;194.32;2
127615;0;1258.04;2
140985;0;1799.81;2
134693;0;65.84;1
38117;0;159.98;1
22222;100;36.97;67
134807;0;64.90;1
23694;56;100.82;9
139372;0;123.63;7
126884;0;84.25;2
124311;0;143.36;1
129938;0;599.90;1
46502;0;131.91;6
17885;100;24.60;1
37509;100;47.42;3
142380;0;40.00;1
140046;0;6636.00;1
142388;0;49.99;1
27620;100;101.52;4
35929;0;350.26;58
23572;100;194.00;9
19879;100;109.42;27
35690;75;1225.67;4
142064;0;91.14;4
139874;0;143.15;6
45662;0;30.64;2
130449;0;55.01;14
140683;0;162.36;1
36789;0;192.60;4
126916;0;142.48;9
138851;0;127.68;12
19254;100;45.35;4
134861;0;400.53;5
47934;0;170.48;6
27336;100;86.04;6
25414;0;90.79;52
48418;0;43.57;1
135429;0;70.65;3
27435;100;47.12;5
141628;0;152.50;14
135859;0;379.61;1
135306;0;46.49;3
49665;0;35.31;15
130065;0;160.38;1
141169;0;79.99;1
140895;0;900.02;2
140121;0;69.97;1
141440;0;999.00;1
137024;0;109.90;2
141267;0;54.90;2
140541;0;93.95;8
138501;0;172.64;2
47894;0;25.99;1
25753;100;117.02;6
141015;0;86.00;6
35185;20;280.40;15
17765;100;131.65;7
41293;0;298.00;1
27649;100;84.76;6
15160;100;35.32;28
23093;100;81.96;12
18922;100;47.79;65
49092;0;50.00;2
27590;100;42.00;1
20537;100;54.90;53
140435;0;70.72;10
21522;100;57.91;14
139333;0;86.73;34
141813;0;169.97;1
20639;100;84.66;17
20044;100;91.20;8
130464;0;489.80;1
129875;0;87.32;3
136174;0;45.19;2
128136;0;1500.00;1
27385;100;109.93;3
137048;0;306.86;2
127892;0;549.00;2
27607;100;185.80;1
27512;100;78.16;38
139509;0;104.30;2
27380;100;85.42;1
31897;90;25.86;10
22865;100;139.88;22
142164;0;79.09;11
27605;100;72.10;13
132750;0;153.85;17
38300;0;45.29;5
131597;0;1149.50;2
133743;0;344.13;2
140831;0;99.99;1
123253;0;143.89;5
140416;0;57.01;21
25877;0;213.70;1
25768;100;70.20;1
141511;0;39.99;1
140076;0;32.28;89
20654;100;147.43;4
134564;0;1075.00;1
29041;100;119.62;19
32851;92;61.96;26
136516;0;194.98;1
141219;0;211.93;5
20655;100;51.80;1
139063;0;71.49;3
141879;0;946.00;1
20105;50;123.90;4
27353;100;42.22;10
132192;0;308.40;29
131705;0;81.96;4
27479;100;18.17;38
19979;100;55.92;14
137017;0;1914.98;1
23577;80;127.46;10
20196;100;100.95;27
135674;0;305.98;3
27748;100;122.85;13
27351;100;103.20;2
132914;0;510.10;5
22277;100;20.80;1
135382;0;93.42;5
134003;0;139.99;1
27593;100;49.98;9
48683;0;461.71;1
124329;0;6.64;2
19642;50;37.76;4
141878;0;87.12;4
140851;0;105.88;6
22030;100;66.70;7
28523;100;9.90;3
23623;100;20.72;18
128311;0;209.98;1
19065;100;54.62;1
101339;0;33.03;22
28352;100;14.48;19
141912;0;64.17;5
135765;0;1608.00;2
102514;0;293.92;1
138910;0;156.74;4
27602;100;41.93;12
29132;100;149.24;28
22601;100;116.56;3
141480;0;234.31;8
27633;100;74.91;13
138927;0;59.98;1
140464;0;466.95;7
133434;0;218.95;2
27759;100;170.54;3
22490;100;31.38;48
132672;0;2947.68;2
125708;0;82.55;2
18735;100;149.39;32
127250;0;799.00;1
135865;0;126.41;14
136035;0;879.00;1
20799;100;104.98;1
134833;0;106.61;4
139286;0;141.63;3
47444;0;8.45;2
135717;0;474.44;2
17976;100;31.95;2
25129;0;248.26;4
124000;0;76.33;2
20275;91;88.35;57
20689;100;173.30;3
112133;0;76.50;3
49325;0;1210.73;1
19470;100;120.72;26
20895;100;69.14;22
125162;0;52.25;36
137124;0;169.90;1
139279;0;139.33;18
47981;0;90.08;3
20491;100;119.23;7
27728;100;599.00;1
131065;0;124.75;4
28115;100;9.90;5
133211;0;32.40;1
44832;0;163.76;2
20813;100;96.11;34
23857;100;157.57;10
137143;0;169.99;1
135844;0;255.66;4
24807;100;129.26;2
20875;100;126.80;3
27995;100;143.22;11
142335;0;169.45;2
125288;0;299.25;1
22891;100;9.90;1
23838;100;47.78;10
18241;100;96.99;1
20331;100;71.73;23
27546;18;36.41;101
140698;0;579.90;1
138184;0;79.70;1
129524;0;284.94;1
27696;100;30.12;18
37035;100;53.11;30
44418;0;104.85;1
132230;0;300.00;1
127260;0;105.26;3
132708;0;2249.00;1
141614;0;23.70;2
131562;0;1109.35;3
141064;0;22.90;5
25292;0;178.00;1
129051;0;97.92;5
19652;100;32.17;21
23151;100;520.00;1
139869;0;363.45;2
132793;0;423.84;2
19823;100;17.73;3
141379;0;71.75;4
135234;0;564.52;8
133339;0;104.75;4
140062;0;46.41;10
27502;100;93.70;1
22421;100;141.29;3
135935;0;29.99;1
131168;0;696.50;2
140779;0;17.38;2
30835;100;161.74;8
22743;100;65.31;19
127610;0;240.14;23
25685;0;51.09;22
28331;0;63.80;1
27763;100;68.29;18
127595;0;44.42;5
131621;0;25.99;1
142210;0;41.90;1
22851;100;49.02;8
142111;0;65.03;3
142531;0;34.90;1
27413;100;128.29;3
136355;0;65.68;20
33396;100;145.60;4
17202;100;41.84;24
27326;88;34.24;8
27453;100;90.65;3
27448;100;44.86;12
27689;100;137.45;4
34530;0;122.40;2
43513;100;72.42;15
136934;0;249.48;2
20351;100;57.23;13
45072;0;275.95;4
141877;0;20.02;9
126855;0;662.22;3
130794;0;129.99;1
136448;0;350.00;1
18280;100;18.11;3
20709;100;76.58;13
25032;100;96.60;3
141450;0;1499.00;1
141737;0;5.00;1
129004;0;1600.05;1
20495;100;86.96;17
48212;0;13.00;1
28987;100;9.90;3
135428;0;823.80;2
27430;100;67.99;7
27548;100;79.99;1
43890;0;209.07;22
127217;0;1198.00;1
25060;50;87.25;2
48351;0;1418.01;9
33722;100;19.80;73
127999;0;5099.10;1
19999;100;49.79;11
135298;0;45.84;4
20359;100;364.00;2
132917;0;187.80;1
23435;100;51.45;1
134379;0;1.99;1
135258;0;1098.00;1
135864;0;179.90;1
27456;100;111.17;7
130968;0;539.98;1
139574;0;229.75;2
135860;0;155.90;5
38229;0;112.97;1
138368;0;11.90;1
46994;0;258.85;9
20302;100;202.99;3
48636;0;152.28;63
22156;100;3.50;1
20425;100;135.29;17
21607;100;154.18;14
137073;0;171.97;2
25270;0;1183.93;3
27407;100;43.44;7
142550;0;36.19;1
131042;0;1921.14;21
23835;100;182.32;4
137192;0;158.50;2
139274;0;111.58;8
140458;0;64.87;9
25575;100;47.80;15
17508;100;52.55;5
134324;0;21.00;1
136392;0;254.98;2
134395;0;162.38;7
133079;0;2818.85;2
134817;0;6.98;1
49329;0;1456.89;4
135359;0;34.55;2
43842;0;39.27;3
141107;0;123.49;2
22627;100;39.80;29
20032;100;56.04;36
123316;0;195.00;1
123658;0;36.23;35
36219;0;730.00;2
19333;0;2499.00;1
129267;0;114.94;2
27659;100;52.00;1
23119;95;123.48;19
137329;0;57.92;22
22817;100;95.45;15
130745;0;77.42;49
127047;0;167.93;1
127898;0;94.16;7
123545;0;809.33;5
27409;100;32.26;25
20637;100;189.70;4
138124;0;229.98;1
47273;0;18.96;4
37806;0;76.98;1
20905;100;98.80;1
134509;0;14.26;1
23360;100;97.14;7
24742;100;51.93;6
135619;0;144.92;14
48390;0;149.90;1
49828;0;232.28;3
25686;31;125.32;48
127445;0;91.34;21
20854;100;39.19;11
129451;0;699.00;1
141233;0;39.80;1
141195;0;285.10;1
135641;0;89.98;1
141007;0;45.98;1
141552;0;79.99;1
43591;0;29.75;8
141275;0;152.51;8
44768;0;117.56;8
141707;0;799.00;1
19733;100;19.90;1
19785;100;102.46;7
22087;96;63.88;25
142063;0;122.98;1
142287;0;97.85;2
18704;100;105.88;6
141245;0;705.43;3
18183;100;87.75;63
139854;0;149.90;1
27386;100;49.64;13
27345;100;35.85;5
127246;0;219.94;2
16896;100;236.17;10
138997;0;72.54;1
47745;0;1665.05;1
128463;0;449.92;1
30491;100;69.04;10
132848;0;110.11;8
131049;0;999.00;1
12651;100;30.20;12
123901;0;37.95;2
130021;0;2483.27;3
136041;0;95.61;71
27349;100;41.80;3
27715;100;58.71;11
142163;0;105.15;2
137039;0;169.43;3
16017;100;208.65;9
27729;100;42.24;23
140532;0;136.90;6
23714;19;215.52;16
139401;0;99.99;2
141213;0;299.90;1
140535;0;219.66;3
129642;0;40.90;1
27497;100;89.49;2
27758;100;30.69;14
135081;0;101.51;19
22216;74;111.90;78
34919;100;56.45;14
27416;100;68.45;2
127017;0;270.51;5
135688;0;119.90;1
31966;100;9.90;4
134968;0;36.00;4
140942;0;159.90;1
23875;100;712.00;1
24127;100;38.50;2
140882;0;74.33;7
22145;100;107.35;9
27514;100;8.00;1
122707;0;68.90;2
22053;100;96.19;11
142499;0;767.50;2
127282;0;103.21;4
131396;0;284.00;2
22842;100;60.66;32
25713;100;66.05;34
24139;50;82.59;2
46422;0;50.13;11
125791;0;250.87;13
134520;0;153.65;22
27686;100;175.37;4
37565;100;126.41;7
136180;0;121.49;3
141875;0;143.95;1
23356;0;124.72;8
132058;0;111.77;17
137062;0;111.65;3
127051;0;239.98;1
139547;0;129.90;1
22350;100;107.41;6
27464;100;53.64;3
142190;0;37.63;3
140483;0;32.69;1
139278;0;51.69;2
48508;0;188.04;3
129377;0;220.81;9
23810;0;27.00;1
142364;0;33.14;5
141255;0;53.03;9
141040;0;1114.00;2
45508;100;116.94;6
48504;0;94.52;4
27708;100;60.50;7
24077;100;54.25;6
140410;0;110.00;1
140338;0;219.98;1
24040;100;298.89;5
141863;0;190.53;2
27384;100;31.73;11
123815;0;79.90;1
27498;100;74.10;13
27515;100;28.68;20
27359;100;86.59;9
18109;100;51.11;18
139017;0;46.91;1
122997;0;17.99;1
131755;0;150.09;2
16082;100;14.55;53
20675;100;154.23;27
141320;0;67.70;1
140497;0;236.69;3
134255;0;22.90;1
139589;0;129.61;126
142476;0;1028.68;5
134412;0;878.95;2
38208;0;86.39;7
23514;91;80.55;11
48593;0;396.65;2
140403;0;179.87;1
141093;0;230.85;1
20595;100;349.00;1
33567;100;57.30;18
135629;0;316.00;1
131293;0;314.30;2
22746;100;42.70;10
137189;0;458.19;1
134339;0;49.99;1
22540;100;17.07;20
23260;100;49.65;8
25402;98;52.08;60
28657;100;87.52;8
130007;0;399.00;1
129617;0;233.01;7
141112;0;349.93;1
141521;0;25.63;3
22284;0;287.37;11
132867;0;94.18;2
21982;100;51.38;6
139822;0;171.05;4
137152;0;379.97;1
128016;0;405.10;1
126833;0;45.16;3
141685;0;139.70;1
39963;0;92.34;4
131966;0;969.09;1
27539;100;146.79;2
135008;0;155.54;4
141640;0;174.93;3
134413;0;30.52;9
129403;0;1053.51;2
27491;100;35.95;13
141477;0;179.97;1
23134;100;161.60;1
142117;0;1699.00;1
27510;100;36.04;6
140870;0;3399.02;1
136115;0;2247.00;1
134930;0;347.86;1
136294;0;17.97;1
138009;0;129.99;1
27609;100;35.29;17
20492;100;27.43;26
135227;0;59.90;1
129697;0;619.25;4
131367;0;429.89;4
33552;0;509.67;24
21077;100;126.95;4
27327;100;67.62;8
21992;100;30.14;3
19074;71;125.74;14
128911;0;373.60;1
133344;0;19.98;1
20686;100;85.41;21
141207;0;299.97;1
142045;0;1099.00;1
136938;0;344.93;3
135527;0;114.74;3
136351;0;539.94;2
22655;100;50.30;17
47542;0;32.45;15
130718;0;84.50;2
25718;100;73.05;21
135730;0;120.44;3
141108;0;199.00;1
23168;100;89.66;7
28919;100;9.90;3
140401;0;19.50;1
23288;100;137.16;1
131603;0;172.57;3
22113;100;137.67;9
140696;0;146.28;8
135319;0;33.12;1
123060;0;706.20;4
27880;100;300.00;1
131675;0;35.53;7
19762;100;87.35;18
142010;0;341.00;4
20223;100;44.69;26
140695;0;219.49;2
131844;0;1799.99;1
18166;100;166.18;6
35708;100;9.90;1
137179;0;137.79;2
16040;100;23.62;46
140091;0;192.71;2
129499;0;248.00;1
142433;0;2699.10;1
45685;0;38.54;8
134641;0;72.14;7
27549;100;449.20;2
9136;100;26.25;12
22428;100;28.42;3
137065;0;336.29;3
127909;0;67.62;4
27939;88;68.87;17
135770;0;144.46;1
138663;0;266.96;3
33555;96;89.60;70
30494;100;9.90;3
141191;0;53.65;28
136779;0;269.80;1
130979;0;309.60;1
141109;0;80.98;3
135891;0;1629.00;1
141763;0;91.70;1
27528;100;87.67;12
25687;0;60.00;1
130715;0;969.01;1
139608;0;145.93;2
140084;0;42.94;2
141339;0;49.34;1
22254;98;36.12;53
22298;100;105.06;5
128436;0;349.00;1
27591;100;31.05;2
19924;94;79.74;17
21951;0;908.76;3
27616;100;131.03;6
20615;100;44.24;6
22295;100;46.31;50
140482;0;232.10;4
25617;100;64.68;33
46019;0;146.47;50
141247;0;116.65;3
30891;100;75.19;17
124472;0;52.06;5
135336;0;48.25;1
127448;0;29.99;1
136395;0;118.07;3
136344;0;119.98;2
27389;100;42.80;21
34311;100;111.44;19
48933;0;47.33;6
131144;0;289.90;2
24023;100;87.84;18
140068;0;277.04;16
33047;100;68.61;10
21850;100;54.66;7
24115;100;225.61;4
133987;0;156.87;6
141455;0;319.00;1
142095;0;211.38;7
27439;100;51.12;10
23782;100;39.00;1
27408;100;17.90;1
33178;100;51.89;42
20114;100;60.79;25
127099;0;40.77;149
37896;0;209.90;1
136120;0;431.20;1
135070;0;12.00;1
39821;0;67.90;1
48605;0;95.65;4
27454;100;71.72;5
140275;0;119.90;2
130332;0;269.96;1
25286;0;25.99;1
33131;100;37.42;15
129709;0;342.10;1
130416;0;133.67;3
42532;0;34.99;1
22244;100;54.88;24
134346;0;1159.37;2
27507;100;62.73;9
133616;0;185.65;18
128597;0;838.03;16
17977;100;245.37;10
33107;89;30.03;19
141527;0;836.00;1
136846;0;119.08;3
45861;0;1194.90;5
140058;0;393.28;3
132096;0;29.90;1
135996;0;1724.00;1
131634;0;15.99;1
35407;100;60.18;41
135272;0;17.59;1
22824;100;106.23;56
123832;0;27.48;3
17015;100;38.31;42
20567;100;45.42;12
23105;100;160.60;6
140385;0;90.91;1
135994;0;155.60;1
27583;100;52.03;3
142482;0;81.15;3
138027;0;549.70;2
131061;0;439.95;1
33571;100;134.33;12
30741;100;29.20;7
23185;100;135.45;8
139066;0;85.75;5
19943;97;67.06;37
141908;0;58.48;9
140852;0;73.12;4
23068;100;71.67;9
134292;0;34.75;3
138670;0;798.00;1
128123;0;196.78;5
141947;0;53.93;4
136265;0;52.45;1
136020;0;174.90;1
20648;100;108.97;8
136129;0;280.70;2
139272;0;113.20;6
132344;0;86.57;3
135649;0;56.66;3
27570;100;97.35;6
139705;0;262.52;3
132312;0;148.60;15
132220;0;256.36;18
20136;100;77.88;39
19035;100;37.52;8
22246;100;12.50;1
19952;100;30.65;4
27324;100;72.34;15
142410;0;50.26;5
126991;0;252.37;2
25067;0;20.00;1
15159;100;68.67;4
133932;0;28.73;24
131608;0;209.98;1
24118;100;35.45;17
27425;100;170.93;4
20241;90;62.94;10
22009;89;96.70;64
40852;0;157.50;2
129981;0;60.80;1
140065;0;134.91;1
47566;0;197.27;2
132407;0;898.00;1
142490;0;499.00;1
142547;0;40.82;5
140390;0;17.61;4
27501;100;70.00;1
128863;0;278.58;3
131697;0;2414.40;1
20816;100;58.05;33
138297;0;16.34;5
49057;0;5.96;1
44868;0;103.94;239
126774;0;710.45;2
135626;0;13.97;1
27462;100;105.38;4
133629;0;261.94;10
27678;100;55.98;8
18524;100;101.27;5
138378;0;85.30;3
27561;100;52.00;2
33133;100;25.90;6
141497;0;129.99;3
141965;0;309.51;4
25750;100;53.47;41
20169;98;79.13;62
141241;0;1508.50;2
29697;100;45.81;12
27768;100;90.69;14
142375;0;75.20;4
129444;0;45.97;20
142623;0;230.85;2
126602;0;24.33;1
142192;0;59.98;1
16194;100;119.13;26
19728;100;50.05;17
22390;100;37.58;12
138925;0;69.97;5
129998;0;166.85;17
131609;0;79.90;1
47545;0;318.60;6
141017;0;199.90;1
142242;0;286.83;3
20621;100;78.94;4
139350;0;617.15;3
22996;100;375.00;4
142589;0;311.93;1
135972;0;270.45;6
20904;100;83.80;8
129308;0;409.50;2
141137;0;781.19;4
38392;0;91.39;3
135562;0;97.16;29
137031;0;154.90;1
140407;0;529.89;1
131774;0;588.98;4
27390;100;311.95;2
6592;100;116.70;10
141023;0;86.95;2
132225;0;234.90;2
139449;0;129.00;1
24786;80;113.60;5
25407;100;55.28;18
36289;0;130.65;4
27318;100;173.77;5
141583;0;139.25;8
30641;100;34.89;7
142656;0;79.80;1
21835;100;26.90;1
49712;0;151.24;5
132170;0;292.00;1
27494;100;47.22;29
128517;0;653.63;5
23169;100;27.40;4
22769;100;41.86;48
27451;100;109.64;5
135470;0;13.00;2
126851;0;68.58;2
18978;100;171.03;2
22855;100;166.77;3
129910;0;329.90;1
27596;100;85.14;17
131840;0;23.13;3
22205;100;46.80;1
130412;0;74.19;3
16107;100;167.71;23
140855;0;101.49;12
48608;0;1149.00;1
23671;100;145.47;14
18848;100;74.20;1
46795;0;1160.00;1
17585;100;66.29;13
130002;0;61.97;2
135102;0;106.31;2
22800;100;144.55;11
20849;100;59.60;7
20629;100;77.94;4
23271;100;46.03;4
141240;0;154.15;3
142445;0;509.96;1
25237;100;31.85;11
27622;100;125.75;8
140819;0;229.87;4
135519;0;48.99;8
127676;0;25.98;1
142302;0;261.63;3
127192;0;56.70;5
140598;0;1318.91;1
132671;0;689.00;1
22991;100;63.40;4
23666;100;136.24;2
138634;0;265.67;2
136416;0;44.06;3
22772;100;122.13;13
27496;100;202.38;3
133981;0;77.55;26
33926;100;9.90;3
140412;0;30.86;1
25416;0;33.00;1
142562;0;47.44;2
140554;0;39.99;1
135599;0;1099.00;1
140591;0;99.17;1
140786;0;225.30;2
49634;0;48.83;3
133650;0;50.49;3
135440;0;28.44;1
139231;0;8.90;1
142647;0;1905.95;2
132512;0;111.94;28
136211;0;349.53;4
129354;0;111.29;11
27378;100;42.67;12
134920;0;637.20;6
109360;0;228.49;17
141969;0;184.02;10
139395;0;413.12;2
22778;100;36.98;2
33300;0;52.90;1
20118;100;114.18;3
134508;0;12.50;1
131475;0;154.52;75
135882;0;169.90;2
27525;100;65.92;11
141667;0;59.52;2
139563;0;599.00;1
47630;0;99.90;1
132367;0;292.61;11
15957;100;88.22;12
137925;0;76.94;4
24044;100;229.88;1
22115;100;68.19;69
131913;0;2100.00;1
132527;0;1499.00;1
20858;100;89.12;2
137146;0;28.40;1
142695;0;42.58;5
21750;100;43.98;77
25405;100;160.64;13
138215;0;200.32;3
125613;0;69.28;15
33143;38;52.85;8
133003;0;1668.74;9
27666;100;114.76;4
139864;0;197.16;10
142153;0;97.87;3
139569;0;105.52;2
142289;0;135.61;5
27376;100;61.68;15
134447;0;152.40;2
141188;0;236.67;6
23852;100;201.50;1
142420;0;49.99;1
39228;0;94.23;4
128494;0;146.50;3
21917;100;114.37;3
23230;100;83.64;3
134720;0;372.81;13
47300;0;1.39;1
135657;0;70.29;1
122641;0;16.99;1
140049;0;1662.67;3
27695;100;103.62;2
134622;0;534.35;6
48594;0;384.86;2
24122;100;74.03;20
48423;0;41.40;2
139335;0;47.46;8
140473;0;298.50;3
128188;0;363.20;2
141116;0;135.47;2
23206;96;67.37;27
135075;0;17.98;1
134522;0;79.80;1
140629;0;2247.50;1
140885;0;88.49;3
142060;0;19.99;1
128953;0;554.58;7
142590;0;76.94;6
137370;0;29.99;1
126417;0;21.69;2
27476;100;43.41;5
22503;0;1099.00;1
133940;0;184.85;1
22360;100;107.03;11
24802;100;177.26;3
134581;0;202.60;1
25605;0;43.80;6
33088;93;65.77;29
19849;100;59.45;12
119069;0;29.17;2
142022;0;1416.00;1
138729;0;15.93;4
22749;100;45.30;1
135208;0;245.88;5
25630;100;75.42;12
137853;0;107.06;16
33774;100;9.90;3
140860;0;151.93;3
128459;0;149.90;1
139531;0;57.96;6
27624;100;31.23;3
22043;100;52.25;52
136778;0;56.00;1
140856;0;33.72;7
139168;0;70.00;1
140055;0;1428.60;1
27487;100;164.26;3
131807;0;445.50;2
49911;0;111.92;3
36828;100;35.69;11
141828;0;4.00;1
126879;0;90.87;10
20140;100;126.93;10
22104;100;54.01;25
23006;100;158.21;7
141140;0;149.00;1
46021;100;117.57;6
127162;0;621.81;1
130301;0;149.98;1
22185;100;100.90;42
22937;100;58.06;20
141296;0;269.97;1
141681;0;51.03;19
136914;0;11.98;1
133875;0;40.60;8
136366;0;1232.16;2
34262;100;38.58;4
33202;100;107.47;41
133191;0;695.25;12
139513;0;641.84;1
141634;0;67.72;3
19315;100;200.00;1
140773;0;1550.51;2
48604;0;52.99;2
48457;0;11.00;1
127917;0;53.16;3
45801;0;87.98;5
139660;0;179.97;1
127209;0;75.98;1
23251;100;63.60;1
141041;0;127.89;1
20199;100;38.49;2
22928;100;56.01;48
24088;100;34.23;4
136738;0;50.06;2
130081;0;2116.76;1
133210;0;103.73;1
23822;100;186.96;18
141280;0;189.96;1
134214;0;41.88;6
127157;0;942.23;3
27608;100;77.40;1
23797;75;55.23;4
22981;100;13.94;5
28942;100;59.90;6
110;100;4.00;1
32216;100;9.90;3
138812;0;169.97;1
136930;0;59.98;1
18639;0;297.89;2
127809;0;74.86;12
132052;0;104.50;2
135580;0;3.29;1
141251;0;194.54;5
133363;0;93.25;16
132074;0;45.00;1
139058;0;11.97;1
27713;100;81.46;6
126493;0;27.18;4
46475;0;25.19;2
141639;0;89.90;1
128956;0;118.02;2
139041;0;95.25;49
137164;0;315.96;1
27447;100;63.45;11
33504;100;37.05;18
130871;0;147.40;2
130851;0;243.93;2
12482;100;119.77;4
22354;100;72.70;20
141432;0;323.42;5
141413;0;658.51;1
22015;67;130.43;6
131598;0;98.29;3
27473;100;33.05;17
140584;0;85.26;9
46927;0;46.47;7
22586;100;86.19;7
132270;0;1063.58;3
27401;100;330.00;1
23820;100;40.25;19
142383;0;65.80;1
129920;0;198.50;2
37699;100;95.50;7
142305;0;94.94;2
139862;0;43.84;2
136421;0;159.84;2
27626;100;91.78;7
18318;100;96.92;2
141576;0;319.00;1
140739;0;129.89;1
129039;0;30.45;3
138170;0;130.34;4
24144;100;62.65;8
27490;100;80.22;3
20633;100;38.09;10
24808;100;70.88;20
28210;100;17.66;8
30430;100;90.10;31
142749;0;29.20;2
135828;0;173.84;8
124972;0;98.98;4
133051;0;600.00;1
22414;100;64.28;13
142645;0;1339.33;3
20106;100;183.50;2
128261;0;102.31;21
137332;0;92.10;1
22935;100;366.41;2
123559;0;100.09;2
138019;0;105.96;1
27442;100;166.27;2
128448;0;1499.00;1
128404;0;199.95;2
24109;100;355.00;1
16597;100;50.44;11
20669;100;312.68;2
20229;100;58.28;19
45152;0;153.39;5
127227;0;157.56;3
138833;0;81.88;1
25660;0;141.45;76
21815;9;829.23;11
127525;0;437.78;1
139127;0;177.98;15
128710;0;43.80;9
135732;0;399.99;1
28514;100;38.97;8
137167;0;86.49;2
15561;100;38.17;23
129725;0;225.00;1
27566;100;178.02;3
24743;100;364.28;5
134852;0;34.99;1
31176;100;39.66;17
127548;0;51.43;4
135827;0;70.60;1
48681;0;101.45;16
141909;0;28.20;1
47212;0;366.68;5
142738;0;469.50;2
137101;0;322.93;1
132549;0;66.15;2
30283;100;38.58;14
32302;100;9.90;2
35462;100;119.70;13
135362;0;39.90;1
135710;0;198.76;3
128935;0;66.05;2
25770;100;175.95;6
136669;0;629.00;1
130928;0;193.66;11
27521;100;98.50;8
27725;100;520.00;1
24781;43;23.30;7
142646;0;89.59;4
25432;0;71.73;4
142497;0;114.83;11
140839;0;874.00;2
29531;93;59.11;30
136768;0;69.90;1
135051;0;8.99;1
141529;0;87.32;3
141675;0;9.59;2
135615;0;271.50;4
27580;100;70.53;3
27557;100;112.65;2
15167;100;135.51;10
34421;100;62.39;5
128626;0;749.00;2
129519;0;369.00;1
133013;0;424.50;2
25777;100;54.22;16
27958;100;9.90;3
123390;0;89.92;7
141949;0;147.41;9
142118;0;1699.00;1
126111;0;104.97;4
19595;100;30.00;1
27736;100;254.78;2
139388;0;6.99;1
128032;0;36.49;3
135300;0;247.49;4
140755;0;37.30;1
141615;0;249.52;3
125860;0;73.77;20
134561;0;83.98;3
136941;0;369.47;1
131076;0;422.33;9
139206;0;643.00;4
126733;0;193.54;3
15917;100;65.24;11
141632;0;434.99;2
140790;0;155.95;1
118134;0;22.90;1
23681;100;125.69;56
19178;91;97.58;32
27361;100;32.00;1
20607;100;46.84;18
129854;0;102.54;1
124911;0;32.48;3
133894;0;319.00;2
12203;100;69.23;3
140800;0;116.75;2
27527;100;28.84;17
135932;0;38.25;4
34118;0;2428.51;2
134900;0;58.62;2
140615;0;130.31;6
130820;0;196.45;2
138631;0;63.99;10
44103;0;14.35;4
27998;100;9.90;5
23441;100;129.70;2
27328;100;52.46;7
141518;0;81.39;2
142733;0;1.99;1
45058;0;28.00;1
138928;0;37.20;3
130961;0;3025.00;2
135588;0;182.25;2
17134;100;148.08;32
141695;0;18.65;4
33285;100;68.74;11
123014;0;104.35;2
135968;0;9.29;1
25797;0;8.26;3
140565;0;499.00;1
23034;100;17.45;2
131865;0;651.00;1
134661;0;69.70;1
22992;100;149.13;4
133669;0;1.68;1
139583;0;26.46;1
126702;0;146.22;3
18176;100;35.07;34
134505;0;81.34;1
29643;100;58.73;10
28797;0;92.26;12
43189;0;313.09;7
124647;0;59.35;1
25027;100;56.00;2
134222;0;9.99;1
27612;100;514.80;1
28022;100;9.90;2
27402;100;210.00;1
27556;100;39.01;31
27563;100;125.45;4
142759;0;38.14;2
127193;0;98.95;3
113854;0;26.90;2
23336;100;58.85;3
18154;100;87.10;6
138637;0;458.49;4
134373;0;619.85;1
19978;100;32.59;20
16730;100;122.44;6
134442;0;49.33;40
134918;0;3535.00;1
140894;0;120.00;1
136835;0;43.96;2
129545;0;122.70;2
129521;0;214.97;1
140005;0;639.93;1
142557;0;55.00;2
128709;0;169.56;3
36613;0;552.25;2
130892;0;1249.00;1
27714;100;77.20;13
27754;100;62.38;8
127223;0;115.16;7
23645;100;141.54;12
142496;0;27.80;1
24034;100;18.65;6
140342;0;159.99;2
48248;0;151.95;1
27347;100;72.12;23
141580;0;238.00;2
141375;0;90.08;6
141672;0;24.75;2
135387;0;84.63;2
142630;0;155.48;2
22056;100;142.14;8
139533;0;2294.75;2
18406;100;227.93;5
20429;100;59.98;24
142374;0;64.14;7
22239;100;49.47;44
128214;0;1197.31;3
43503;0;50.00;1
48935;0;47.10;4
44780;0;86.40;11
127240;0;119.35;2
27432;100;83.13;8
27636;100;127.67;6
23347;100;288.00;1
27685;100;106.80;1
49281;0;166.89;1
140560;0;133.05;13
132997;0;1098.00;1
140612;0;19.98;1
142475;0;139.95;2
19896;100;158.54;3
27770;100;192.18;3
122855;0;199.90;1
126761;0;469.10;1
136219;0;189.89;1
33506;94;48.53;18
27394;100;54.90;6
25255;100;32.73;11
18484;100;91.44;10
140044;0;99.90;1
16395;100;146.82;83
136912;0;19.90;1
122960;0;32.49;2
142027;0;269.96;1
127167;0;198.91;2
20502;100;80.81;51
141544;0;246.00;2
139751;0;129.00;1
31876;13;315.53;16
44979;0;90.03;9
127871;0;210.00;1
131373;0;149.31;6
19191;100;148.50;8
27664;100;35.26;13
135946;0;58.29;13
133601;0;360.53;4
130678;0;443.88;1
49624;0;39.90;1
136979;0;195.56;51
127365;0;122.17;4
139472;0;10.60;1
127785;0;293.52;6
141117;0;172.30;2
32863;0;56.09;1
16224;100;70.68;52
133977;0;63.06;3
127053;0;304.97;2
129723;0;238.40;2
22480;100;87.39;3
142061;0;119.80;1
25714;100;76.76;14
47283;0;104.98;2
136179;0;1277.36;1
29104;0;32.40;1
124754;0;726.50;2
22954;100;85.66;37
27431;100;74.90;7
131227;0;696.97;1
20774;100;63.79;19
33527;100;45.34;31
46416;0;144.11;14
16899;100;36.63;3
24753;100;80.10;11
129630;0;283.01;8
38171;0;349.40;1
19110;100;83.63;23
140486;0;35.25;15
45415;0;417.52;2
21859;100;71.15;2
142354;0;3280.61;1
136396;0;73.73;28
134724;0;1439.00;1
137518;0;2499.00;1
141243;0;199.00;1
30461;100;79.79;11
33687;100;42.24;13
29168;0;24.97;2
25581;97;67.99;32
23348;100;56.73;9
135911;0;159.90;1
138196;0;40.75;1
16819;100;198.39;28
23843;100;25.60;2
136263;0;69.90;1
141099;0;218.16;22
131169;0;4998.00;1
129078;0;64.94;2
27967;100;79.30;13
44735;0;98.10;8
23560;100;54.44;21
43511;100;360.78;7
23373;100;49.52;17
132487;0;190.30;7
141038;0;265.59;3
142591;0;329.98;1
141145;0;89.99;1
27766;100;79.52;23
134331;0;86.80;4
127813;0;189.98;2
22631;100;194.20;5
140384;0;506.90;9
22921;100;152.27;4
140427;0;110.96;3
19972;100;25.29;8
25293;0;79.98;3
141439;0;126.96;2
27707;100;49.50;1
129626;0;99.59;16
130893;0;196.60;5
20396;100;82.94;4
41919;0;749.00;2
129611;0;344.66;4
20034;100;111.78;26
23609;70;124.04;40
25769;100;499.00;1
137032;0;161.85;2
139857;0;145.60;1
136928;0;194.80;1
17838;100;62.67;10
130982;0;899.84;1
23510;100;39.80;1
133182;0;30.68;21
92141;0;39.06;5
131739;0;102.06;2
19905;100;50.09;20
20797;100;198.23;3
136999;0;5.90;1
31898;100;28.89;2
128163;0;119.45;2
130777;0;159.25;2
23382;100;58.91;9
134059;0;69.99;1
135057;0;1391.68;1
129688;0;169.00;1
133525;0;121.74;19
135870;0;138.38;12
135361;0;59.63;2
128146;0;89.99;1
16629;100;42.92;1
142609;0;84.85;2
128532;0;101.28;4
34391;100;36.20;12
132562;0;96.11;3
27900;100;9.90;3
135654;0;89.12;7
134578;0;242.06;3
30449;100;89.72;11
136564;0;204.00;1
22953;100;114.78;3
53395;0;83.10;6
25077;0;95.76;59
33183;100;105.84;9
140832;0;189.00;1
131264;0;1599.54;3
128718;0;246.80;31
134705;0;191.69;2
33453;100;65.23;12
140600;0;479.22;4
25755;0;100.34;8
141425;0;343.77;7
35204;100;43.61;5
19825;100;124.60;6
127762;0;96.60;49
139297;0;738.10;1
24132;100;107.01;3
16960;100;31.13;260
40526;0;299.90;1
129764;0;56.49;6
15169;97;48.65;68
36154;100;104.95;2
138194;0;300.00;1
129141;0;319.80;1
23335;100;69.79;1
29738;100;86.55;10
142725;0;71.95;1
48752;0;799.00;1
22644;100;41.84;60
25717;100;64.86;6
131888;0;220.47;3
128509;0;899.00;1
128757;0;52.28;17
25403;100;33.55;8
23229;100;48.52;9
22498;100;56.70;1
141701;0;151.98;6
22985;100;100.94;11
136391;0;108.05;10
123685;0;15.46;2
141868;0;84.21;2
141522;0;119.97;1
140926;0;115.38;22
127535;0;163.77;3
131931;0;429.96;1
141005;0;2999.00;1
36152;100;113.77;8
24071;100;70.14;18
20596;100;43.29;44
142182;0;941.00;1
140408;0;396.30;3
131085;0;69.50;1
134692;0;84.00;1
132081;0;2999.00;1
135805;0;124.90;2
134879;0;290.90;7
142710;0;289.89;1
22569;100;48.50;2
25025;100;69.07;3
134203;0;79.03;7
135872;0;1733.26;2
23286;100;220.80;21
27899;89;40.76;18
130959;0;144.84;2
22902;88;53.60;41
50306;0;98.90;57
27398;100;220.00;1
128937;0;818.34;1
131942;0;113.85;2
32865;100;49.61;15
23848;100;133.10;1
33361;100;82.59;7
36785;0;120.40;9
20561;100;60.29;8
124746;0;149.99;1
23825;100;262.90;2
135282;0;3.35;1
131974;0;215.50;2
16020;100;65.19;65
132325;0;330.00;1
135026;0;301.70;2
135349;0;3358.10;2
126944;0;171.51;3
23821;100;83.36;27
140610;0;85.13;3
46241;0;58.43;72
136972;0;4344.10;1
33270;100;136.76;2
135595;0;129.45;5
20765;100;100.15;64
132024;0;699.33;3
132026;0;817.23;3
142106;0;320.00;1
132393;0;169.92;7
22915;100;36.18;20
22603;100;200.48;2
142654;0;49.90;1
9780;100;51.93;28
139524;0;90.28;20
46265;0;61.64;7
30916;100;42.99;18
140400;0;29.90;1
141214;0;40.25;6
138847;0;54.61;3
22858;100;37.44;52
27493;100;47.80;2
22924;100;195.60;1
20729;100;38.85;5
23829;100;67.48;7
131141;0;120.14;10
122798;0;14.56;1
132887;0;3998.00;1
135836;0;397.81;1
140589;0;99.03;12
22646;100;250.00;1
17425;100;75.06;4
142642;0;189.90;1
141263;0;1497.50;1
130823;0;95.40;7
16019;100;31.20;2
139075;0;1224.00;2
24806;100;102.48;10
34713;100;182.18;4
123739;0;42.48;2
44886;0;236.00;12
27530;100;31.70;2
23863;100;165.91;6
135910;0;33.02;18
27750;44;58.57;32
131663;0;223.37;4
27582;100;212.75;2
141644;0;22.19;4
131221;0;19.90;1
142384;0;265.78;5
132652;0;219.96;1
23847;100;38.51;6
27418;92;107.54;12
142847;0;393.37;3
23721;100;45.00;1
142208;0;112.69;2
140892;0;374.79;2
18141;100;45.19;21
23415;100;14.23;6
139077;0;69.90;1
140694;0;62.17;1
22268;100;45.45;17
22313;100;40.04;6
142871;0;8.55;1
135892;0;191.78;1
24106;100;266.13;4
20245;100;45.23;4
141444;0;49.99;1
33520;100;700.00;1
33053;100;9.90;4
19797;100;72.36;20
48920;0;169.21;14
19200;100;45.93;6
140603;0;193.29;4
20673;100;300.00;1
123782;0;379.90;1
28031;60;47.02;5
23074;100;55.56;28
127768;0;424.93;5
48333;0;16.50;1
21995;92;74.90;12
32910;100;51.48;7
22731;100;118.56;5
45071;0;377.77;9
19278;100;92.50;6
36169;100;16.97;2
24741;100;50.22;3
48625;0;78.27;3
22922;100;70.25;23
25701;100;155.30;4
25333;0;183.58;36
142721;0;836.44;4
132165;0;293.79;1
23392;100;91.35;62
141684;0;273.35;7
136368;0;71.41;6
44905;0;209.60;1
130991;0;164.99;2
134355;0;83.44;2
13037;100;91.00;7
135187;0;3.44;1
141857;0;99.49;8
25061;100;170.70;4
136991;0;207.97;4
142806;0;2987.77;2
41219;0;50.26;28
136592;0;860.00;1
33349;100;79.54;8
128366;0;139.80;1
71368;0;61.33;3
123280;0;60.79;3
24140;100;26.42;9
141658;0;1400.00;1
126525;0;135.97;2
47327;0;33.61;4
27623;100;69.29;5
22799;100;93.13;25
27682;100;114.44;5
19223;100;85.00;26
124152;0;1999.00;1
27544;100;15.86;4
42640;0;1049.60;2
25818;100;269.50;2
32816;0;202.75;2
19795;100;40.06;61
142558;0;36.90;1
36829;0;27.33;3
141092;0;370.60;1
27469;100;38.91;15
140747;0;7.37;1
23803;100;107.81;9
135372;0;78.91;3
124391;0;67.70;1
130668;0;429.20;1
129835;0;424.00;1
138615;0;129.99;1
23544;100;87.88;41
128088;0;128.47;1
23841;100;49.85;4
131444;0;239.96;1
35530;80;119.04;5
141484;0;845.88;2
27613;100;113.00;1
18573;50;37.30;2
22494;100;62.42;27
22806;100;19.93;3
27929;100;54.80;13
123079;0;1000.00;1
136044;0;29.54;6
32241;100;31.39;26
142291;0;65.43;3
22739;100;59.52;5
136614;0;116.89;3
140485;0;209.92;1
19411;100;99.99;1
24099;100;157.00;1
19543;100;30.97;5
141430;0;739.64;6
27529;100;82.19;2
37210;0;25.49;2
19763;100;85.92;5
18494;100;24.73;1
33086;100;9.90;3
142678;0;105.40;9
131153;0;136.74;2
19533;100;67.37;18
37333;2;85.11;114
140472;0;604.96;1
48049;0;120.96;1
23776;100;119.70;1
34562;0;19.66;3
17203;100;157.99;16
25584;96;45.99;24
23636;0;963.82;5
23661;69;131.42;13
48367;0;178.52;13
20501;100;40.72;31
132865;0;59.50;1
27752;100;499.00;1
43558;0;108.54;16
136711;0;147.40;2
19884;100;203.77;9
27381;100;56.18;20
125717;0;207.78;4
22467;100;260.00;1
30140;100;54.27;18
142648;0;79.80;1
18519;100;129.43;8
45484;0;51.98;2
137744;0;25.00;1
27744;100;66.55;2
21684;100;22.80;1
136811;0;103.94;27
23631;100;56.47;10
24777;100;98.30;4
135627;0;1099.00;2
141561;0;89.80;1
140418;0;179.98;1
130212;0;1429.00;1
130572;0;554.50;2
27370;100;32.95;6
18111;100;34.16;51
27564;100;117.40;2
140110;0;199.96;1
142196;0;19.90;1
27368;100;58.38;7
20579;100;429.91;3
46400;0;21.72;2
47143;0;87.95;2
20594;100;82.69;13
22801;100;50.41;22
140087;0;152.43;2
20857;100;32.18;28
136955;0;432.20;1
132391;0;77.96;9
122790;0;28.70;5
23637;100;92.06;19
32118;100;21.84;29
19877;100;24.01;39
141274;0;23.90;1
65361;0;107.16;3
21903;100;70.23;14
32878;0;122.60;3
117377;0;105.16;179
17509;100;50.66;32
27617;100;62.82;16
33176;100;18.77;39
131926;0;220.65;3
20326;100;34.11;4
140050;0;149.99;1
20164;100;95.64;22
20625;100;143.37;10
130737;0;1719.03;3
140644;0;495.92;2
132567;0;603.83;1
126974;0;28.94;2
142001;0;149.98;1
130814;0;157.89;3
140850;0;80.66;3
16043;100;147.50;14
20562;100;54.68;33
141426;0;70.74;1
27588;100;126.12;17
141295;0;319.78;1
136707;0;138.52;11
22135;100;49.00;20
19769;100;99.40;27
44400;0;15.40;1
131142;0;8729.00;1
140117;0;67.66;3
37319;0;142.57;24
27405;100;36.83;14
18008;100;50.49;72
33739;100;43.65;15
135238;0;276.85;6
135171;0;93.89;2
117988;0;74.09;4
33413;89;26.33;37
142549;0;197.63;3
138016;0;32.80;1
31921;0;224.81;1
140874;0;1014.00;2
23152;100;59.10;1
27352;100;51.15;10
27698;100;52.90;1
25119;81;130.70;16
24068;100;194.97;1
27726;100;27.56;5
28902;100;37.20;25
20711;100;173.24;8
37957;0;750.00;1
126786;0;85.62;5
49098;0;125.04;14
140706;0;178.58;7
4325;98;26.07;109
129336;0;49.99;1
129431;0;1836.50;2
141250;0;109.99;3
139717;0;145.23;26
131034;0;3165.73;1
135450;0;102.98;1
29594;0;138.53;8
130867;0;494.38;5
127923;0;92.40;24
135682;0;66.65;3
23350;100;67.28;70
23703;100;119.78;6
18050;100;70.00;2
132964;0;28.99;2
30629;100;9.90;1
134572;0;8.10;1
21901;100;299.85;2
131070;0;1630.46;2
20206;100;48.05;36
141736;0;181.00;1
21907;100;51.08;2
27410;100;121.93;6
126135;0;116.09;276
22447;100;106.44;2
134749;0;67.98;1
17487;100;44.58;54
135840;0;249.90;1
130573;0;70.98;2
129085;0;469.10;2
130890;0;101.66;6
135744;0;147.02;20
25800;100;16.80;2
31938;100;116.45;4
132335;0;77.27;3
27722;100;67.41;5
136525;0;289.50;1
27481;100;50.72;10
27452;100;54.07;7
128867;0;420.35;9
132760;0;639.91;1
125691;0;3.69;1
23811;100;42.36;7
27667;100;254.93;1
24015;100;83.44;5
47041;0;124.07;5
141406;0;36.92;7
140336;0;23.67;2
134796;0;49.50;1
27438;100;37.43;5
25011;100;159.79;6
139374;0;426.45;2
139558;0;94.99;2
129892;0;59.99;1
35242;100;89.27;9
137144;0;479.97;1
129640;0;114.98;8
135604;0;336.64;2
139550;0;415.70;1
131203;0;752.00;3
142209;0;72.37;10
20881;100;165.15;2
25702;100;62.71;18
140402;0;103.19;4
46659;0;109.96;1
23019;100;18.60;3
42210;0;89.14;4
23294;100;109.98;3
37182;0;54.35;15
21806;100;62.22;24
136985;0;90.42;3
20889;100;42.07;25
136984;0;95.80;1
139306;0;22.83;4
18209;100;52.98;11
104642;0;59.04;96
137093;0;2399.00;1
20225;100;69.75;27
22061;0;53.26;60
27362;100;90.84;4
21700;100;146.38;13
139769;0;102.39;5
122966;0;155.94;1
129784;0;504.90;8
22240;100;79.89;12
136981;0;358.02;6
18928;100;55.33;9
25124;0;175.85;1
142666;0;1599.99;1
45069;0;563.23;5
132357;0;86.73;6
134737;0;39.99;1
19708;100;64.24;28
19683;100;167.16;4
33290;100;33.21;20
22832;100;41.24;24
126372;0;59.80;1
80238;0;611.01;1
49881;0;36.29;6
29449;100;16.70;38
139087;0;125.13;5
128224;0;144.74;5
21772;100;124.34;22
27455;100;30.72;6
141651;0;252.55;2
140028;0;128.13;5
25745;100;61.25;19
125888;0;93.53;48
142069;0;379.09;4
127205;0;303.98;1
137168;0;132.62;24
130801;0;2041.29;3
48707;0;56.81;17
20115;100;69.26;13
27727;100;34.50;44
136130;0;159.45;2
27755;100;74.98;2
127693;0;189.55;6
25567;100;90.16;20
137159;0;228.07;5
47768;0;66.56;8
136293;0;211.91;11
135718;0;453.90;2
135432;0;309.87;1
135218;0;108.96;20
137119;0;111.55;5
137197;0;87.48;2
33416;0;60.99;165
134318;0;52.64;2
132670;0;114.66;35
27735;100;45.06;13
132150;0;279.90;1
25610;0;19.50;1
20523;100;33.99;114
49134;0;34.99;2
131083;0;389.50;1
136046;0;114.83;2
136077;0;138.92;5
25771;100;30.10;43
142676;0;1799.00;1
44574;0;365.76;5
48936;0;32.98;5
123405;0;61.70;1
27459;100;29.50;22
22172;100;95.08;20
19731;100;112.62;11
141528;0;39.58;11
27655;100;124.09;4
137160;0;3398.00;1
19568;100;374.95;2
137105;0;286.64;3
140965;0;122.97;3
23372;100;37.60;33
134383;0;29.99;1
142297;0;84.53;3
23515;100;71.93;3
25095;100;151.80;1
126132;0;146.02;13
20723;100;78.42;2
132339;0;255.04;5
27475;100;24.80;16
27645;100;33.35;23
131570;0;519.96;1
136470;0;510.06;2
25307;100;35.51;25
27355;100;39.15;16
27542;100;82.57;5
141164;0;397.00;1
27693;100;27.68;7
25282;0;100.99;9
142488;0;59.97;1
22958;100;54.17;10
141022;0;1874.57;4
44422;0;55.96;1
131277;0;1049.00;2
137050;0;122.40;2
127314;0;172.24;2
47645;0;220.98;4
134429;0;301.40;1
35608;100;342.41;2
131591;0;49.99;1
142530;0;34.90;1
135078;0;38.09;3
19558;100;73.80;3
142730;0;9.90;1
20704;100;54.70;51
125718;0;111.14;4
134038;0;57.70;1
140637;0;153.10;32
138741;0;131.96;1
132142;0;202.25;3
16654;100;60.12;149
22250;100;63.30;2
131525;0;209.80;1
141089;0;41.90;1
20692;100;105.40;6
135510;0;139.98;2
138193;0;1071.78;9
20184;100;53.24;19
27526;100;282.93;3
127360;0;212.57;3
123516;0;148.47;2
22195;100;81.87;23
27503;100;53.93;12
27541;100;134.50;2
142760;0;523.63;3
141003;0;121.10;3
22913;100;21.95;2
129424;0;88.90;40
136877;0;342.59;2
27709;100;133.66;3
20301;100;119.95;7
134587;0;2448.00;1
49135;0;39.91;3
27704;100;77.24;5
22468;100;122.79;12
142412;0;574.30;8
133998;0;213.73;4
22853;100;31.28;4
128083;0;249.99;2
130670;0;1929.00;1
136206;0;70.62;3
22362;100;379.50;2
135917;0;99.99;1
24748;100;92.07;28
23648;100;85.84;8
23269;100;68.83;74
17519;100;162.50;2
22547;100;108.95;2
136370;0;1999.00;1
23849;100;51.75;1
132185;0;73.22;29
142114;0;186.96;1
127328;0;45.84;4
124411;0;68.84;2
40419;0;58.42;2
142857;0;43.25;1
29585;42;200.25;12
129480;0;248.59;52
135634;0;179.80;1
19950;100;56.46;10
142279;0;227.92;1
140043;0;49.99;1
138191;0;30.78;2
25041;100;387.60;1
135334;0;69.98;1
43762;0;232.80;18
123673;0;42.80;1
22479;100;21.54;16
140774;0;89.96;3
43853;0;59.90;1
140555;0;34.53;2
24111;17;77.18;6
21902;100;12.16;2
25345;0;105.00;1
22942;100;64.00;2
20033;100;74.67;8
135378;0;146.31;1
137191;0;73.12;9
140585;0;514.88;5
48590;0;146.75;2
19245;100;74.60;96
27313;100;29.40;2
31890;40;289.50;10
30150;100;300.00;1
126739;0;81.03;18
27718;100;12.90;1
131340;0;183.98;1
22188;100;115.82;3
142381;0;159.00;1
125868;0;141.98;32
37375;100;97.29;3
141595;0;99.94;2
12837;87;23.13;92
129201;0;107.64;9
128518;0;2384.00;1
27348;50;98.20;4
129208;0;122.02;14
28036;100;9.90;3
142115;0;599.00;1
22605;100;287.49;2
141946;0;23.47;3
20856;100;32.34;2
45712;0;62.35;16
139223;0;15.06;2
33433;100;172.35;5
136921;0;419.27;5
23014;100;66.05;2
141342;0;24.20;1
129186;0;103.97;2
132442;0;325.84;3
141901;0;49.27;11
142314;0;599.90;1
133136;0;26.87;1
30473;100;95.75;5
129887;0;445.67;4
133659;0;163.51;37
23088;100;58.39;18
130369;0;181.87;5
27639;100;46.18;26
16586;100;66.15;63
127183;0;43.82;110
126292;0;42.10;1
20380;100;37.38;5
131852;0;155.95;1
21797;100;41.53;44
20712;100;521.30;1
27572;100;67.79;19
126582;0;60.96;2
131318;0;1429.00;1
36324;0;24.80;1
130284;0;8.68;1
133491;0;277.95;11
19898;100;208.00;2
140616;0;244.50;2
129636;0;589.48;2
18825;100;66.58;5
142585;0;302.33;3
139439;0;117.69;4
19664;100;50.82;19
131826;0;369.00;1
136215;0;95.30;3
131181;0;244.95;1
18132;100;33.68;25
20540;100;130.78;6
20893;100;78.54;7
137122;0;218.50;1
132873;0;520.34;2
136181;0;399.90;1
27675;100;749.90;1
136760;0;699.00;1
100612;0;44.99;2
27375;100;68.85;2
18807;100;31.20;27
27480;100;138.67;5
28019;100;9.90;1
27406;100;43.49;9
142367;0;78.93;3
138733;0;97.95;2
141910;0;182.36;2
133068;0;459.39;2
142306;0;31.99;12
141994;0;5574.59;1
136190;0;119.90;2
126583;0;111.94;2
23646;100;222.75;2
128361;0;849.00;1
133668;0;136.60;34
47779;0;139.80;1
28838;100;24.55;15
138984;0;409.96;1
131658;0;504.90;2
137012;0;254.87;1
142793;0;23.43;4
128929;0;114.65;150
141738;0;94.00;2
139521;0;80.31;3
20605;100;65.52;13
30603;86;44.21;7
37171;100;44.90;2
131472;0;199.49;5
27992;100;9.90;5
33265;86;24.72;7
126205;0;9.50;1
127041;0;110.73;3
27856;100;81.57;39
33781;100;134.35;14
140821;0;23.75;3
134822;0;429.14;4
139310;0;172.95;2
19904;100;7.62;1
128377;0;270.00;1
132615;0;55.80;2
141244;0;145.97;9
20764;100;64.62;7
142675;0;596.85;2
50464;0;96.98;6
128693;0;109.54;28
131295;0;399.99;1
134626;0;241.29;2
20833;100;48.66;16
128102;0;2450.00;1
18144;100;35.10;1
132976;0;59.03;8
19768;35;90.61;62
127619;0;211.50;2
135320;0;86.76;5
27458;100;16.58;12
25235;100;59.92;22
136011;0;789.91;1
27531;100;42.64;20
140548;0;19.90;1
27601;100;52.73;12
39192;100;41.97;1
135988;0;1595.65;3
27610;100;172.64;17
30004;100;68.44;8
134424;0;19.99;1
23306;100;110.07;27
25535;100;99.24;15
126436;0;413.81;9
20584;100;62.16;11
141783;0;88.33;4
135817;0;2699.99;1
46366;0;381.99;4
138322;0;39.98;1
142324;0;102.23;3
136714;0;571.05;2
48738;0;105.12;5
27547;100;44.85;2
19848;100;40.05;6
132943;0;240.03;106
135636;0;47.97;1
24800;100;136.93;25
48062;0;163.44;15
136304;0;269.94;1
18527;100;44.72;15
141869;0;119.97;1
136118;0;93.26;3
142385;0;63.66;11
135646;0;280.13;10
20217;100;77.22;4
29760;100;9.90;5
127119;0;266.00;1
25039;100;169.99;1
127357;0;1089.00;2
25694;0;72.87;5
36032;0;617.99;1
140282;0;79.90;1
27382;21;40.52;14
135981;0;469.92;1
140825;0;74.95;2
130828;0;105.53;63
135904;0;494.48;6
27568;100;56.46;7
23159;100;31.78;18
27991;100;45.94;29
35650;100;107.74;8
129312;0;78.25;11
129048;0;1320.00;1
27657;100;40.00;1
22738;100;153.86;15
135633;0;3409.00;1
27316;100;51.01;25
27753;100;28.30;9
128827;0;489.97;1
45302;0;64.33;41
138824;0;156.13;13
29350;43;158.55;30
134369;0;199.70;1
21710;100;77.39;12
37607;0;92.29;15
20601;100;30.23;5
140430;0;252.21;12
141161;0;107.00;1
20404;100;54.26;20
25562;62;57.23;29
134359;0;105.38;2
127218;0;139.95;2
142355;0;4.00;1
18041;100;58.12;51
20216;100;146.87;8
27317;100;32.91;13
127199;0;337.78;1
126672;0;1692.60;1
28666;100;34.04;27
25028;100;143.38;8
19641;100;50.59;11
126252;0;53.00;1
31774;0;79.90;1
141337;0;19.99;1
135314;0;236.00;1
22732;100;200.39;9
135048;0;1099.00;1
22260;86;80.40;83
27511;100;148.24;8
44570;0;49.98;1
16042;100;35.90;2
20817;100;92.50;22
49519;0;406.36;11
20818;100;44.34;23
27598;100;179.25;6
132503;0;29.99;1
135774;0;195.97;3
20534;100;68.82;9
125463;0;119.00;1
16535;100;165.53;7
142680;0;39.90;1
22273;0;15.00;1
127195;0;12.00;1
27928;100;33.86;11
135900;0;532.99;2
142280;0;37.80;1
133205;0;301.03;3
139530;0;39.99;1
140596;0;1703.80;2
140701;0;100.00;1
27606;100;16.42;20
133331;0;45.04;8
136496;0;332.87;1
27371;100;35.90;18
23826;100;155.55;2
20183;100;115.10;4
106482;0;288.00;7
20949;100;58.14;4
131723;0;214.40;22
45794;0;504.50;2
19729;100;39.27;12
140168;0;115.41;4
34364;100;44.36;12
128022;0;958.00;1
131770;0;1082.97;3
19855;100;50.57;11
141384;0;33.97;1
132272;0;95.26;1
127696;0;4072.80;1
141016;0;280.08;3
13888;100;20.37;6
113852;0;171.88;14
137190;0;450.39;2
134831;0;39.66;1
46192;0;33.90;1
46321;0;11.00;1
45806;0;47.60;2
139103;0;20.90;1
132137;0;219.90;2
45434;0;430.00;2
27615;100;114.62;3
141602;0;82.96;1
132715;0;166.47;3
27334;100;1000.00;1
21669;100;799.00;1
142754;0;8.00;1
130717;0;49.90;1
142726;0;71.95;1
31139;0;11.99;2
48497;0;61.51;3
27668;100;58.30;3
136096;0;139.98;1
132544;0;55.27;3
46948;0;26.84;196
37669;0;87.28;15
27732;100;83.00;8
141723;0;21.90;1
22345;100;91.16;9
22923;100;53.80;12
131302;0;2099.00;1
133089;0;320.00;1
134327;0;135.05;3
20837;100;38.70;50
139638;0;137.85;2
135339;0;17.80;1
23571;100;197.42;4
139171;0;55.50;1
41244;0;2244.00;1
136016;0;3916.00;1
127528;0;219.97;1
141706;0;102.48;2
142691;0;2899.00;1
22458;100;106.08;13
138034;0;33.99;2
20224;100;166.95;2
23545;100;61.35;27
33561;100;67.81;9
128327;0;12.00;1
128067;0;305.74;2
25030;100;105.81;8
141002;0;131.59;6
140707;0;437.31;6
38374;0;181.56;10
140545;0;199.90;1
136240;0;139.94;4
23802;100;49.56;21
27614;100;125.18;4
131595;0;514.54;4
24791;100;23.80;1
140884;0;24.85;2
27641;100;59.40;11
22990;100;67.75;8
37784;0;161.99;2
129585;0;306.94;1
130816;0;148.72;4
139270;0;529.45;2
21826;100;40.89;2
27374;100;218.95;4
141616;0;15.90;1
140523;0;64.66;2
134816;0;128.23;4
125921;0;59.39;12
34441;0;320.59;5
134854;0;15.75;1
31762;20;109.16;25
135241;0;73.25;2
126763;0;75.46;58
27477;100;23.38;24
27346;100;28.72;18
27574;100;367.47;2
138999;0;109.89;2
132979;0;299.96;1
131167;0;686.10;4
27742;100;249.99;1
131802;0;174.20;35
139271;0;120.58;10
17683;100;83.55;12
32803;0;437.93;6
134503;0;26.94;1
36504;0;258.74;11
25442;0;100.72;16
27543;100;189.11;5
20665;100;142.87;4
25260;100;55.26;37
140794;0;146.81;3
136140;0;159.89;2
27673;100;174.08;4
43986;80;64.96;5
141798;0;57.90;2
25254;100;110.12;4
20641;100;28.91;14
138844;0;35.99;2
138238;0;9.90;1
20318;100;117.60;3
131736;0;164.16;3
27573;100;40.40;1
43731;0;3.90;1
116931;0;1354.45;2
133526;0;59.09;39
43984;0;599.00;1
20805;85;69.69;39
16758;100;53.01;28
135808;0;753.29;3
37209;0;322.08;1
125931;0;133.30;2
135544;0;203.79;2
22134;100;444.93;1
141523;0;99.99;1
142863;0;168.14;5
141538;0;54.35;7
141301;0;384.89;1
123849;0;141.44;7
36046;90;49.35;10
45053;0;234.70;2
133882;0;174.03;4
135515;0;86.85;2
125714;0;154.00;1
22081;100;33.12;2
49136;0;229.32;5
130765;0;1599.99;1
136349;0;1160.00;1
27393;100;20.20;5
49798;0;271.50;3
93975;0;623.00;1
133657;0;103.18;1
16898;99;77.25;83
24016;100;31.67;2
128453;0;196.21;3
128034;0;369.86;4
22761;100;223.30;2
25003;100;36.40;17
127378;0;69.98;1
124968;0;224.11;4
130746;0;332.16;3
20863;100;19.32;6
49415;0;48.97;10
47274;0;21.23;6
20182;100;33.41;10
36457;0;179.19;62
134860;0;51.24;2
20603;100;99.13;16
27558;100;28.44;24
138163;0;246.49;2
132831;0;38.66;3
20967;100;180.29;15
131313;0;567.60;2
135908;0;769.00;1
27341;100;251.95;2
126424;0;200.33;11
27716;100;55.78;62
138779;0;500.00;1
29040;100;44.93;4
135327;0;437.59;7
25056;100;44.80;1
16649;100;111.73;3
142303;0;377.12;3
140465;0;214.93;2
142327;0;68.00;2
140249;0;369.95;4
15884;100;27.29;3
138454;0;488.98;3
48747;0;168.51;16
19259;100;45.80;1
141874;0;32.48;5
46028;0;62.76;3
131885;0;1749.00;2
33728;100;64.59;5
27898;38;390.38;8
23858;100;82.34;7
22859;100;138.96;6
22577;100;76.18;20
124540;0;38.00;2
135308;0;32.30;3
131934;0;60.99;3
134506;0;22.98;1
19720;100;446.00;1
37109;100;64.97;8
137777;0;10.00;1
139529;0;139.98;1
20201;100;62.83;20
22663;100;52.41;10
134321;0;177.46;3
137767;0;858.55;3
20937;100;167.60;5
128042;0;169.90;2
133057;0;52.00;3
22433;100;52.00;1
140590;0;584.48;2
125869;0;230.40;2
131566;0;579.00;1
32960;100;16.49;11
136150;0;108.73;3
24027;100;36.90;1
32908;100;41.75;10
140479;0;13.90;1
139246;0;73.10;1
132759;0;65.57;100
20588;100;149.55;13
131671;0;136.52;18
135511;0;27.95;2
49096;0;191.89;1
19973;100;161.33;8
129856;0;944.00;2
130087;0;249.99;1
133786;0;15.09;4
27600;100;45.68;6
141694;0;30.90;33
135476;0;49.90;1
32907;100;30.99;7
27403;100;226.80;1
18248;86;83.44;36
141715;0;115.03;4
19770;100;117.45;4
23751;92;62.12;12
35480;94;65.91;17
23535;100;148.87;3
140690;0;61.19;3
129318;0;999.00;1
23716;100;19.17;5
128015;0;99.50;2
124125;0;415.76;6
141653;0;149.97;1
138909;0;190.83;11
134951;0;67.39;25
131322;0;229.90;1
131871;0;670.36;3
141702;0;78.93;2
22502;100;68.10;17
27423;100;33.79;50
137686;0;257.44;1
135567;0;2799.90;1
23485;100;229.33;14
142032;0;174.79;3
22870;100;26.87;21
20710;100;171.67;6
23231;100;86.29;28
27489;100;86.26;8
135639;0;279.00;1
20733;100;104.38;9
39202;100;60.99;16
132385;0;257.73;5
135982;0;132.97;1
22779;100;62.47;23
138861;0;100.72;4
127335;0;670.66;6
131956;0;1319.89;1
127981;0;779.91;1
135821;0;182.77;1
141061;0;217.14;2
136841;0;3429.00;1
141915;0;690.00;1
22967;100;57.96;31
141873;0;273.96;32
133018;0;183.16;3
131991;0;199.99;1
133664;0;56.95;1
21822;100;32.41;5
21893;100;200.70;3
27569;100;62.34;8
127474;0;131.36;2
141013;0;183.89;2
135230;0;39.99;1
37795;0;77.70;1
20620;100;62.04;31
136001;0;179.50;1
141621;0;50.89;6
140595;0;611.36;9
45839;0;159.97;2
141101;0;113.27;4
125336;0;195.93;1
124505;0;36.94;1
135726;0;189.80;1
22948;100;50.70;16
139327;0;46.35;2
20079;100;98.90;1
25252;100;106.84;1
27811;0;86.57;4
19711;100;40.51;25
141372;0;1606.00;1
136987;0;269.98;1
132944;0;3499.00;1
140373;0;400.45;4
137174;0;286.11;1
135600;0;137.45;2
20668;100;70.30;24
22201;100;121.77;30
130245;0;84.87;5
139965;0;642.48;6
136593;0;116.65;24
24039;100;39.60;2
38116;0;94.39;7
135784;0;176.00;1
131815;0;290.40;31
27567;100;86.74;2
18442;100;84.39;21
20276;100;33.66;12
137113;0;194.39;2
135554;0;1900.00;1
135290;0;186.94;1
48141;0;126.64;3
36033;100;75.18;20
141599;0;279.64;16
131452;0;525.45;1
46134;0;125.40;15
34851;100;120.46;23
130108;0;33.73;3
25319;0;94.36;14
126956;0;265.40;1
134592;0;999.00;1
127668;0;272.70;1
136958;0;259.95;1
127110;0;98.49;5
124143;0;53.38;4
47461;0;66.56;3
21726;100;142.75;2
132360;0;310.23;7
20289;100;25.22;59
142458;0;42.95;1
140002;0;164.26;2
46516;0;139.60;1
25538;100;216.48;6
22478;100;62.98;12
30576;100;71.26;10
47126;0;39.73;3
140537;0;79.90;1
131044;0;1581.45;2
19722;0;103.49;5
137014;0;499.00;2
47496;0;25.25;1
136459;0;79.99;1
139940;0;127.64;1
137066;0;76.01;2
134750;0;277.59;2
46608;0;68.91;8
126576;0;161.44;6
135780;0;650.00;1
27538;100;32.04;17
23295;97;51.54;35
36987;100;52.93;3
136671;0;199.35;2
134794;0;1345.94;2
126242;0;89.97;1
25566;100;83.19;7
128866;0;411.96;2
135796;0;82.90;2
25069;15;66.23;20
129086;0;124.89;30
125880;0;68.80;1
22133;100;65.44;55
128543;0;2639.00;1
129698;0;73.32;12
30632;100;9.90;4
18278;82;167.67;28
33179;0;678.28;6
129984;0;19.99;1
137163;0;43.26;24
127869;0;79.99;3
136022;0;1184.90;2
28471;100;61.86;5
130076;0;1999.00;1
136737;0;744.82;13
135032;0;199.89;2
141009;0;430.52;4
23758;0;159.80;1
22157;100;55.99;65
127188;0;368.00;1
19473;100;212.23;7
131498;0;1119.79;4
142486;0;2098.00;1
135729;0;69.98;1
56068;0;233.88;76
139593;0;239.37;2
135559;0;36.85;3
23527;100;62.63;23
98482;0;179.77;4
27342;100;133.52;6
141304;0;239.92;2
134323;0;319.92;1
136822;0;122.88;5
140919;0;229.93;1
140646;0;159.80;1
131233;0;49.90;1
142066;0;95.70;3
134045;0;103.24;4
27646;100;347.62;2
19080;100;81.28;18
141271;0;1499.00;1
140705;0;120.36;4
18116;100;42.64;19
139324;0;92.80;2
142556;0;19.96;2
134602;0;1697.98;1
141571;0;1013.99;3
135983;0;264.06;2
22640;100;59.00;13
135923;0;2668.70;1
33266;100;83.33;19
132223;0;121.47;4
27619;100;218.80;1
22791;100;51.38;15
23536;100;53.60;3
135529;0;26.97;1
23031;100;62.97;3
27647;100;44.11;38
19081;100;50.00;26
129178;0;213.46;6
131003;0;202.56;3
136171;0;473.60;1
23497;100;150.66;2
33307;100;47.19;24
140672;0;309.50;2
134742;0;81.36;15
33216;80;337.90;25
136397;0;331.63;4
135608;0;88.90;22
27712;100;332.50;2
24795;100;44.26;10
45686;0;30.36;2
30821;100;25.83;15
90490;0;94.54;12
20624;100;52.38;4
22864;100;139.94;2
142015;0;145.84;2
21872;100;199.98;1
142312;0;139.90;1
49554;0;151.39;5
27701;100;65.55;3
20826;100;49.27;51
20853;100;34.76;50
25036;100;740.00;1
127168;0;71.46;6
142379;0;34.07;2
21889;100;80.00;1
131158;0;232.50;1
124364;0;151.50;1
131729;0;279.97;1
18277;100;42.66;63
135534;0;12.96;1
132051;0;496.50;1
20691;100;94.43;21
23091;100;32.21;17
142353;0;116.65;1
36386;0;226.44;3
142489;0;6.00;1
142702;0;3299.00;1
128545;0;70.03;118
132098;0;144.76;20
33993;100;83.81;14
142451;0;137.45;2
126784;0;170.28;1
128512;0;214.96;2
141136;0;687.12;1
23160;100;63.66;22
23707;100;38.53;5
136315;0;465.50;1
124140;0;23.97;6
137523;0;71.43;60
133889;0;25.99;1
137371;0;86.89;2
14470;100;10.95;2
27993;100;9.90;2
142501;0;1399.00;1
131088;0;68.85;2
27534;100;699.00;1
134819;0;94.45;2
124149;0;364.91;2
127097;0;254.83;3
47570;0;348.50;4
47324;0;21.75;1
125175;0;161.63;27
39893;0;41.73;4
132850;0;13.00;1
45345;0;123.29;26
133162;0;139.90;1
25278;0;91.81;18
27603;100;172.80;1
136326;0;57.70;2
140544;0;28.80;28
131478;0;376.00;5
140389;0;178.71;7
29451;100;49.34;20
124539;0;369.00;1
132847;0;148.47;1
134580;0;95.23;3
141568;0;57.68;3
142464;0;202.74;4
23063;100;13.40;1
22930;100;81.41;61
140466;0;191.22;4
130725;0;1699.00;1
27391;100;109.90;1
19994;100;38.26;20
136494;0;124.98;10
141220;0;154.98;2
125252;0;22.96;1
36624;0;670.23;3
133097;0;2850.67;7
46443;100;41.96;4
22245;100;34.48;5
137070;0;157.88;2
48879;0;141.54;3
28028;100;9.90;3
24739;100;99.27;9
126894;0;37.35;4
131069;0;266.37;1
135678;0;195.00;1
126318;0;125.96;1
20792;100;303.17;6
128986;0;114.22;2
18912;100;250.00;1
128620;0;248.45;5
135940;0;569.00;1
30903;100;37.84;5
142735;0;18.28;1
134643;0;940.00;1
45561;0;2.00;1
135063;0;8.00;1
22558;100;86.79;17
135394;0;9.99;1
126757;0;103.68;1
123451;0;250.00;1
49103;0;109.61;4
22862;100;193.73;3
140429;0;439.44;27
142649;0;52.98;4
20658;50;341.17;4
136084;0;673.90;2
29802;100;9.90;3
139277;0;67.48;2
22374;100;95.00;3
19514;65;47.41;52
25637;0;208.38;72
25131;0;1476.85;5
141683;0;204.85;2
20850;100;101.57;17
25291;0;1199.00;1
24050;100;94.57;3
27692;100;77.02;15
131285;0;106.32;3
30559;86;46.15;7
135459;0;162.63;10
25703;100;59.03;3
24778;100;27.28;14
138827;0;1422.00;1
130750;0;1869.00;1
132221;0;592.63;4
133334;0;15.10;8
37057;100;110.56;6
25593;0;173.51;3
28938;0;2199.00;1
142430;0;1099.00;1
130265;0;69.90;1
33156;100;9.90;3
37780;0;55.64;2
24069;100;58.43;2
142205;0;1499.00;1
140235;0;15.62;2
20236;0;65.05;2
136659;0;286.99;5
137035;0;61.05;4
132008;0;242.69;2
49578;0;8.93;3
142441;0;70.98;1
31773;0;190.00;1
25587;91;53.03;11
136927;0;234.29;2
135705;0;849.00;1
23239;100;58.63;3
130569;0;30.11;3
129970;0;1316.13;1
19840;100;395.97;1
22765;100;61.46;6
127214;0;224.13;3
43486;0;78.63;4
140928;0;889.99;13
137517;0;773.38;3
140763;0;109.23;3
130011;0;423.95;2
123277;0;187.77;4
128045;0;419.70;1
141020;0;247.76;2
25042;100;190.67;5
27508;100;66.90;2
49465;0;47.70;2
20831;100;143.12;17
140417;0;201.00;2
140670;0;265.63;5
27495;100;35.27;9
28000;100;23.65;15
136824;0;370.00;1
139293;0;24.40;7
135912;0;295.90;1
129450;0;633.97;4
141948;0;709.10;3
128408;0;38.67;25
27684;100;69.36;16
131210;0;56.47;4
137134;0;262.24;2
22491;100;58.00;5
140955;0;39.80;1
20777;100;78.20;50
23183;100;66.91;3
21894;100;36.35;12
27443;100;53.81;7
132049;0;249.90;1
141014;0;114.59;1
23186;100;281.10;4
132415;0;93.70;17
126850;0;331.96;3
138589;0;257.90;1
139256;0;80.65;5
21934;100;85.03;29
123015;0;143.57;6
140527;0;212.63;5
141438;0;169.98;1
140969;0;103.60;3
136123;0;1098.00;1
126139;0;999.00;1
142194;0;283.51;4
27597;100;100.82;6
136915;0;313.32;3
16290;100;28.90;1
27429;100;46.36;11
18383;100;43.36;37
22403;100;59.37;11
132551;0;400.49;2
142834;0;91.56;3
23532;100;70.69;25
27331;100;28.66;34
20864;100;60.98;43
142465;0;165.32;3
137147;0;20.20;2
137055;0;2630.00;1
135798;0;211.47;10
141424;0;17.66;8
142776;0;44.94;2
27460;100;42.92;1
136427;0;40.31;5
141567;0;48.70;1
35537;0;156.51;49
126116;0;67.23;3
132706;0;71.19;23
18770;100;49.64;56
130061;0;272.61;4
25049;100;29.65;3
132674;0;1752.32;6
139321;0;6.75;2
141671;0;232.82;2
141506;0;53.72;11
49711;0;121.62;5
125631;0;799.00;1
136088;0;799.00;2
49653;0;146.29;39
21871;100;34.00;14
137931;0;911.48;5
19349;90;33.90;30
20139;100;33.85;2
16854;97;109.35;29
130677;0;110.15;4
134645;0;194.91;2
134614;0;214.75;2
141167;0;35.97;1
142405;0;1035.35;2
139508;0;10.00;1
27421;100;399.96;1
23769;100;29.80;1
128470;0;799.00;1
141166;0;186.43;6
125875;0;86.69;7
140382;0;103.60;1
131066;0;260.34;4
132046;0;6.24;1
27500;100;69.05;17
142368;0;1499.00;1
136512;0;280.87;2
115700;0;124.99;2
22596;100;720.00;1
27517;100;109.72;5
142193;0;49.99;1
128372;0;434.86;1
136761;0;229.90;1
141516;0;39.99;1
24738;100;109.61;15
27419;100;54.98;6
132790;0;75.71;1
20660;100;56.44;5
25404;100;71.24;18
137897;0;1798.00;1
142500;0;266.00;2
134710;0;34.50;1
139485;0;899.00;1
27757;100;491.00;1
24102;100;155.00;1
135452;0;419.40;1
132945;0;74.89;14
140475;0;242.00;1
128936;0;99.90;1
125748;0;121.36;247
129888;0;83.66;16
20336;100;36.11;50
139070;0;98.96;6
129979;0;6024.00;1
27710;100;31.66;62
23184;100;96.15;20
45607;0;188.95;6
23015;100;44.66;20
22755;100;154.53;10
142201;0;29.26;3
137140;0;400.00;1
44836;0;883.54;2
24105;100;67.61;16
139307;0;81.45;4
131923;0;45.32;1
130857;0;2631.10;2
15890;100;237.52;3
27555;100;525.00;1
140891;0;48.38;8
33605;100;155.08;17
20948;100;33.31;6
16507;100;40.18;26
129842;0;439.75;2
127654;0;93.45;4
141163;0;121.39;3
140580;0;679.00;3
27485;100;46.14;9
27392;100;225.00;1
22874;100;117.53;5
142518;0;29.36;13
39273;0;312.87;1
132833;0;419.60;1
138240;0;8.50;1
123322;0;400.93;8
135549;0;649.00;1
23145;22;30.78;68
43843;100;59.90;1
45652;0;51.97;1
47770;0;25.47;5
25053;100;600.00;1
19449;100;52.06;13
21490;100;40.44;42
20802;100;32.43;40
132341;0;166.67;10
131084;0;110.98;19
25408;100;109.29;11
25229;100;25.00;1
141258;0;219.59;1
135712;0;131.94;46
27461;100;34.00;15
46024;0;40.00;1
27433;100;99.09;5
36039;0;383.40;5
123258;0;90.15;19
142211;0;55.74;2
36274;100;9.90;1
142846;0;3.90;1
139085;0;293.04;2
23349;98;90.45;43
29972;100;29.45;13
46993;0;1061.50;2
125986;0;59.35;11
24788;100;258.89;3
133542;0;381.86;3
20472;100;139.19;3
141641;0;2034.47;2
21940;100;122.12;6
22728;100;49.50;1
135019;0;65.95;1
20185;100;49.44;23
142180;0;166.20;1
27415;100;33.06;16
19833;100;34.07;9
132470;0;1049.00;1
140950;0;314.90;2
128395;0;222.71;6
27441;100;32.56;16
27611;100;36.60;2
142268;0;600.25;2
142632;0;449.45;2
35893;100;9.90;1
22208;100;75.27;5
140406;0;163.90;1
33124;100;35.28;39
25016;100;26.40;1
23775;92;81.18;12
33119;100;9.90;3
29466;100;25.52;3
142269;0;8.50;1
141470;0;49.99;3
47683;0;79.24;3
24024;100;96.70;5
134820;0;73.15;2
135944;0;1199.00;1
130909;0;985.90;1
125570;0;20.61;6
41358;0;29.99;1
22504;100;142.11;16
139925;0;53.67;13
131354;0;3199.00;1
140487;0;35.58;16
27683;100;27.43;20
27444;100;124.98;2
25239;100;57.48;17
36300;0;88.45;54
131323;0;274.68;8
132688;0;3609.35;1
25275;0;261.85;4
37791;100;42.52;3
127793;0;517.00;1
128054;0;430.58;5
131493;0;59.55;9
25591;100;122.42;37
22808;100;74.12;33
139369;0;224.70;15
21800;100;80.35;23
134358;0;38.59;5
131943;0;134.70;1
139518;0;73.57;7
27653;100;28.63;7
17086;100;64.60;5
135354;0;69.70;5
127366;0;209.95;1
124753;0;133.93;3
20287;100;94.26;2
129584;0;58.32;15
140594;0;949.00;1
33043;100;32.58;59
36492;0;44.54;7
48815;0;152.91;1
134881;0;89.95;3
130615;0;96.50;3
131814;0;213.97;22
138139;0;34.20;2
133261;100;91.09;4
127985;0;69.90;2
137098;0;199.96;1
22380;100;50.00;1
19314;100;58.97;5
49910;0;234.81;4
91471;0;44.11;1
142746;0;6.00;1
20730;100;90.34;19
35393;100;9.90;1
22473;100;44.30;6
22305;100;24.95;2
125973;0;45.75;47
125061;0;59.70;1
134459;0;295.00;2
132845;0;372.75;2
27635;100;63.75;7
127652;0;659.00;1
138186;0;21.96;1
27765;100;32.90;1
46093;0;127.48;2
129965;0;1650.00;1
140588;0;104.01;3
28565;100;48.79;3
18182;100;124.99;2
29737;0;2.00;1
44795;0;133.96;23
141692;0;109.70;1
128569;0;175.60;1
91162;0;123.51;11
22848;100;75.50;22
132834;0;1680.00;1
142328;0;52.38;10
25659;100;98.37;12
137247;0;211.00;1
139450;0;3499.00;1
27631;100;59.05;5
25246;100;72.04;7
28936;100;47.72;12
139451;0;62.24;9
48586;0;1199.14;2
25604;0;170.75;77
22327;100;47.28;4
25287;0;216.08;8
129745;0;122.52;8
21681;100;509.00;1
126882;0;149.88;3
140599;0;519.33;3
129033;0;53.98;182
136682;0;188.86;1
141397;0;609.00;1
137151;0;89.90;1
27756;100;34.67;20
22929;100;60.90;2
142039;0;680.33;3
134648;0;89.70;1
27751;100;105.20;3
22988;0;176.59;14
48783;0;102.23;4
19966;100;60.30;36
49854;0;24.90;1
18493;100;81.18;33
23785;100;43.18;7
136047;0;411.48;9
141134;0;276.11;3
28754;67;56.91;18
140394;0;450.31;3
22430;100;39.90;1
141574;0;186.30;10
46856;0;89.85;2
142581;0;86.45;2
140557;0;405.40;1
134257;0;56.00;55
142832;0;64.05;1
33099;100;85.96;5
140896;0;99.90;1
133147;0;36.12;6
49487;0;106.86;43
140209;0;113.17;2
124541;0;5.00;1
127943;0;83.50;3
33230;0;190.55;11
23408;100;279.90;1
27745;100;57.25;11
36397;0;99.99;1
131110;0;219.90;1
132144;0;140.00;1
25043;100;109.20;3
27522;100;261.46;5
22850;100;59.18;5
24100;100;40.15;14
140167;0;388.91;4
27440;100;83.83;21
139844;0;105.80;2
16485;100;15.00;8
20207;100;188.67;7
43965;0;92.46;6
127974;0;113.87;4
140343;0;130.15;61
126926;0;2186.00;1
135536;0;94.19;5
22203;100;63.35;2
142467;0;199.95;1
27638;100;140.36;5
20587;100;118.52;22
135210;0;209.94;1
47115;0;152.88;2
141021;0;114.82;3
27320;100;43.82;2
138571;0;199.00;1
131496;0;230.70;1
141302;0;262.26;7
22460;89;134.55;9
132995;0;206.96;3
25242;100;108.16;12
142429;0;949.00;1
23249;100;24.10;1
81850;0;292.80;3
27723;100;32.85;14
140460;0;1590.00;1
135395;0;167.18;23
125;98;27.58;80
140738;0;162.70;1
27637;100;22.96;10
126296;0;98.67;4
140126;0;291.14;3
25547;83;46.72;29
136221;0;165.90;2
139067;0;99.98;1
132448;0;199.00;1
142563;0;354.95;1
27411;100;12.50;1
140893;0;242.50;2
136292;0;93.09;10
138500;0;42.57;3
136523;0;89.98;2
25592;44;20.99;9
25568;100;83.39;10
135025;0;404.21;1
130638;0;137.73;4
136890;0;1242.49;2
131664;0;24.96;2
46173;0;19.50;2
134287;0;137.08;19
135630;0;73.10;10
139090;0;100.65;44
135727;0;26.97;1
142362;0;159.90;1
27354;100;699.00;1
18974;100;349.97;1
127196;0;560.20;1
25733;100;46.00;1
126559;0;128.07;32
135203;0;470.66;3
131428;0;39.90;1
44686;0;61.67;1
20767;100;533.80;1
142026;0;1219.60;1
16951;100;49.78;11
142049;0;1062.93;3
129985;0;228.34;2
19362;100;33.60;28
25259;100;53.36;5
130237;0;10.47;1
23753;100;43.30;9
140108;0;31.08;7
135565;0;3499.90;1
142855;0;784.50;2
27478;100;55.03;3
21895;100;100.58;19
141888;0;23.93;3
23001;100;56.24;7
15048;100;95.57;3
131235;0;420.00;1
22529;100;111.75;5
124967;0;524.50;2
23766;100;78.90;2
17474;100;21.69;5
136668;0;189.62;3
140484;0;93.94;17
47739;0;22.40;1
141548;0;59.90;1
141408;0;75.97;1
124760;0;26.73;2
134844;0;358.88;5
141328;0;669.19;2
34017;100;73.74;17
20133;100;51.05;2
141509;0;91.70;6
140138;0;34.44;3
124532;0;47.90;1
133084;0;1129.00;1
139463;0;68.57;3
140561;0;206.86;17
140618;0;9.98;1
22793;100;192.00;2
23746;100;78.10;6
126756;0;1028.90;1
20234;100;90.76;8
142669;0;30.80;1
22880;100;187.48;2
128274;0;551.93;64
24822;100;52.64;11
135425;0;37.34;4
27560;100;66.33;6
12638;100;15.94;34
135448;0;146.63;129
35101;100;161.47;11
22674;100;78.96;1
31083;100;22.41;15
131507;0;139.99;1
140053;0;559.50;1
135721;0;114.93;2
34371;100;227.98;5
103465;0;81.89;21
126670;0;141.74;132
27554;100;43.41;10
129914;0;175.60;1
136732;0;543.94;2
19991;100;35.81;25
25290;100;241.65;3
141998;0;51.44;5
125289;0;44.80;5
27621;100;107.20;4
136173;0;18.13;4
47622;0;79.81;17
141980;0;109.98;1
139214;0;185.46;2
27665;100;37.00;1
131442;0;2010.28;1
49461;0;15.90;2
22885;100;28.75;34
27372;100;43.52;4
139149;0;40.29;3
22541;100;32.51;13
141075;0;476.16;3
131458;0;171.22;4
136477;0;369.50;1
142345;0;63.54;2
141601;0;179.60;3
27576;100;520.00;1
139342;0;269.00;1
141364;0;102.90;1
134755;0;60.20;5
49332;0;72.24;2
22562;100;168.09;4
45311;0;101.44;4
27486;100;120.50;2
142378;0;57.30;1
23412;97;62.07;33
127409;0;600.00;1
20360;100;19.40;1
25734;100;102.77;11
124509;0;93.06;2
27640;100;26.80;9
25406;100;29.94;40
27343;100;399.99;1
142653;0;73.70;1
27565;100;468.80;1
23434;100;47.92;6
142065;0;76.16;1
137774;0;169.08;19
21997;100;67.41;27
126781;0;93.01;9
129925;0;399.84;1
27417;100;117.25;2
23754;100;133.93;8
140822;0;1414.00;2
130748;0;109.46;26
137106;0;110.70;1
142352;0;1492.55;3
129517;0;905.00;1
137117;0;231.81;28
138656;0;93.79;16
19067;100;173.04;9
124112;0;11.00;1
130967;0;144.34;2
126000;0;341.94;23
49679;0;399.75;1
19705;100;120.57;3
127565;0;1999.99;1
128976;0;230.89;1
20679;100;44.95;24
27350;100;291.12;2
142286;0;53.99;2
135668;0;741.99;2
35604;100;38.62;23
123903;0;399.70;7
140940;0;50.93;1
127096;0;45.93;1
23876;100;39.90;12
49861;0;35.43;2
18800;100;53.85;14
23516;100;33.96;20
19273;68;42.10;19
25310;0;208.50;20
16933;100;75.57;3
131988;0;374.00;1
21890;100;36.09;4
27424;100;191.92;1
139276;0;72.98;2
132007;0;311.63;7
136436;0;1199.00;1
27474;100;94.98;6
141674;0;232.32;10
13810;100;50.64;5
135757;0;230.54;2
20825;100;137.12;28
122846;0;86.59;10
21683;100;56.81;21
140756;0;120.07;8
16018;100;118.83;2
140069;0;71.80;1
27769;100;61.68;16
27437;100;39.72;12
142468;0;439.45;2
16086;100;216.93;7
27741;100;28.95;13
36542;100;156.31;9
22446;100;162.51;7
25243;100;31.19;18
128444;0;2499.50;2
25247;100;33.92;25
133571;0;122.70;1
136660;0;124.40;2
129355;0;93.26;3
27379;100;38.20;13
23537;100;33.13;12
23473;100;65.33;12
46992;0;38.35;2
128098;0;759.63;3
15901;100;10.40;1
27629;100;40.66;12
20221;100;71.91;8
19998;100;57.40;37
25766;10;32.99;20
27679;100;41.76;15
141341;0;200.00;1
23827;100;56.05;7
27414;100;151.20;5
139703;0;39.93;95
27335;100;55.10;10
16935;100;103.99;1
24058;100;44.96;23
138853;0;237.47;2
19895;100;93.94;12
49095;0;26.80;1
49196;0;57.03;13
136337;0;199.96;1
25674;100;75.42;6
142629;0;102.30;1
27445;100;35.25;6
20819;100;113.82;7
20560;100;51.94;93
23337;100;55.50;3
142142;0;89.90;1
25782;100;49.30;1
48286;0;75.03;4
17663;100;130.98;6
125881;0;90.11;4
27465;100;46.96;4
131201;0;3136.97;4
140617;0;529.00;1
20717;100;91.80;1
27702;100;149.99;1
131829;0;259.90;1
140803;0;241.95;1
139855;0;67.63;1
22537;100;287.90;1
22557;68;107.31;19
134540;0;10.60;3
141565;0;111.00;1
134980;0;154.11;6
20791;100;43.83;20
141189;0;66.07;2
15525;100;13.90;1
141257;0;29.90;1
20570;100;35.89;6
18153;100;124.18;12
135624;0;129.99;1
142186;0;231.30;2
43780;0;303.41;37
140579;0;1658.50;2
136722;0;155.52;6
135829;0;173.27;25
131291;0;1868.20;1
27449;100;49.80;1
30920;100;37.42;13
128313;0;169.00;1
22968;100;99.90;1
27585;100;37.00;1
132019;0;1029.00;1
23218;100;79.02;28
27743;100;45.60;30
135546;0;243.82;4
141638;0;22.00;1
25321;0;119.90;1
127475;0;29.99;1
139447;0;1508.28;2
135841;0;316.82;5
47652;0;57.53;19
27357;100;50.92;6
128235;0;63.97;15
19671;100;90.34;8
19922;100;228.49;13
131872;0;34.99;1
20192;100;29.15;10
140911;0;549.00;1
27333;100;63.24;21
25244;100;30.93;1
137933;0;125.50;1
141299;0;427.49;2
142036;0;42.38;4
49646;0;175.49;5
109074;0;323.20;4
18981;100;49.22;2
22841;100;27.52;27
140597;0;42.25;4
27724;100;46.89;2
36933;100;62.63;21
136945;0;1094.80;2
130706;0;241.96;1
136217;0;211.51;8
140687;0;1999.00;1
132410;0;279.97;1
27395;100;200.00;1
141590;0;599.00;1
16934;90;113.75;10
27506;100;283.70;2
133694;0;304.97;2
24086;100;344.91;2
23807;0;109.87;1
128717;0;101.07;9
20298;100;87.81;14
133636;0;1623.75;1
23773;100;135.00;2
136162;0;262.39;1
21000;100;91.41;1
48837;0;171.39;35
128529;0;449.90;1
27932;100;23.54;11
129986;0;457.83;1
137137;0;29.00;1
18557;100;32.48;2
142856;0;16.00;1
135992;0;131.65;3
20490;100;35.00;1
142493;0;1499.00;1
141825;0;189.90;1
20602;100;55.38;46
135758;0;797.40;2
19401;100;96.66;6
126224;0;78.98;1
18867;100;76.80;1
138018;0;99.99;1
23602;100;219.98;1
27499;100;98.26;6
127543;0;5099.15;1
139790;0;193.76;2
49888;0;89.11;2
20666;100;79.63;7
132434;0;3199.12;1
27628;100;71.33;16
37538;0;53.90;10
131483;0;184.93;2
46810;0;89.94;6
141252;0;250.67;4
134248;0;243.84;1
142197;0;31.47;7
136478;0;104.09;8
124403;0;1069.83;2
129744;0;275.80;2
20722;100;42.28;2
18359;100;236.49;4
135813;0;99.85;2
135794;0;199.97;1
45659;0;306.51;14
22482;100;38.34;11
22142;100;520.00;1
23440;100;11.16;7
20080;100;129.37;6
47726;0;105.95;2
131936;0;22.63;6
142195;0;178.94;3
19557;100;33.45;18
141993;0;185.70;1
22847;0;1999.00;1
35971;0;674.32;4
25004;100;71.24;6
140934;0;629.49;2
22568;100;157.73;3
22934;100;127.18;6
134753;0;479.00;1
140838;0;414.37;1
43658;0;31.93;4
22753;100;243.42;9
46163;0;309.95;6
19964;100;59.90;1
134608;0;136.68;1
129997;0;339.97;1
22787;100;35.00;1
19402;100;299.98;3
49466;0;246.28;42
33064;100;99.45;25
33628;100;14.09;11
9766;100;55.41;12
20535;67;111.06;95
131850;0;235.23;33
139843;0;35.98;1
23638;100;49.50;15
20954;100;40.40;1
27518;100;70.11;37
140954;0;208.89;1
135894;0;440.90;4
135052;0;80.19;2
46787;0;115.71;2
126931;0;391.29;3
25704;100;72.43;15
130654;0;1424.90;2
135520;0;119.90;1
141458;0;80.00;1
21671;100;144.33;15
134679;0;70.97;13
130639;0;484.49;4
136936;0;144.88;2
132610;0;74.59;2
140251;0;51.66;11
27470;100;56.55;4
21724;100;42.09;33
27767;100;57.90;5
58591;0;133.98;7
130365;0;254.75;25
134882;0;12.99;1
141995;0;136.40;1
25024;83;70.41;12
139873;0;127.26;8
127920;0;79.95;2
131095;0;121.19;2
22827;43;36.37;7
23784;100;153.52;2
20244;100;67.45;35
17410;100;24.84;39
46829;0;358.50;1
15657;100;49.92;10
22493;100;53.37;14
127271;0;29.90;1
23499;80;114.26;5
127881;0;64.85;2
131190;0;71.38;52
22543;100;21.30;2
22336;100;149.96;1
48038;0;241.62;19
27625;100;93.33;8
133899;0;42.43;3
27658;100;127.20;5
130341;0;26.40;1
130059;0;137.38;10
130868;0;368.50;2
142794;0;2.89;1
126654;0;132.22;8
135584;0;15.00;1
27662;100;699.00;1
140762;0;482.99;3
28520;100;33.14;19
132644;0;181.29;2
30280;100;111.28;19
135605;0;165.70;1
141045;0;539.47;2
22829;100;69.90;1
44850;0;15.90;1
27587;100;168.32;3
27504;100;83.92;6
27383;100;38.55;16
141221;0;384.97;2
30401;100;22.88;9
141663;0;39.40;2
127189;0;219.47;5
48441;0;118.48;5
130779;0;481.60;1
22783;100;69.57;23
19956;100;42.03;27
134706;0;149.04;1
19599;100;45.23;3
49097;0;644.95;3
142365;0;9.50;1
141074;0;118.47;24
22328;100;114.88;8
17839;100;77.32;67
140861;0;132.32;9
23840;100;468.00;1
18979;100;48.57;31
21953;14;79.35;7
49747;0;99.97;1
133118;0;100.94;2
136943;0;69.98;1
18136;100;55.89;108
25044;100;73.23;17
45805;0;134.29;9
23200;100;61.15;39
20305;100;133.63;3
36720;100;9.90;1
141305;0;128.51;2
27749;100;84.89;6
140530;0;5.59;1
19645;100;101.23;6
27436;100;131.04;8
46388;0;592.00;2
136433;0;93.00;1
25754;0;25.00;1
19047;100;67.78;47
35056;0;109.98;1
129422;0;117.52;6
140593;0;243.63;3
135653;0;95.50;7
22682;100;50.36;8
23272;100;11.30;2
24066;100;185.10;14
22875;97;64.81;36
23401;100;50.87;1
127261;0;28.46;1
43838;100;17.39;29
48696;0;30.43;2
20426;100;56.05;23
27332;100;41.75;2
23262;100;68.60;23
136833;0;38.97;1
25756;0;117.89;2
27387;100;54.90;10
32985;89;56.42;9
126821;0;337.74;12
28005;100;83.23;6
25682;100;134.94;5
125616;0;140.53;20
37318;0;80.41;22
139687;0;908.49;2
48829;0;152.35;6
141160;0;169.70;1
27535;100;45.30;12
135772;0;145.72;1
25409;100;45.53;16
141670;0;8.80;1
136917;0;61.97;1
131381;0;48.36;8
125883;0;299.99;1
131715;0;299.88;1
141382;0;172.90;2
45784;0;35.50;1
33132;100;136.69;22
135788;0;164.17;8
20470;67;40.70;6
135800;0;254.49;10
49879;0;60.47;3
139756;0;253.40;1
127383;0;79.98;1
135761;0;167.30;2
33238;81;91.03;26
24070;100;55.04;15
44772;0;349.00;1
135080;0;11.98;1
140868;0;666.91;5
136574;0;205.43;13
48244;0;58.60;4
36655;0;52.93;1
27733;100;30.00;1
142053;0;38.84;4
140997;0;287.84;4
126813;0;304.63;10
23379;100;70.10;16
139553;0;182.75;7
130224;0;117.30;4
27694;100;95.82;5
140431;0;144.92;3
20868;100;130.25;2
20636;100;351.70;1
35201;100;51.32;17
25607;0;123.35;12
20721;100;49.09;11
135434;0;67.80;3
45288;0;35.95;9
19949;100;14.24;3
138845;0;98.29;6
38347;0;304.89;1
35594;0;154.53;7
29852;100;9.90;3
136650;0;211.74;5
141461;0;228.00;1
141913;0;199.87;6
141175;0;19.99;1
27339;100;32.91;34
30652;100;31.25;26
22335;100;125.94;8
19294;100;131.47;4
33798;100;74.62;18
20938;100;28.67;15
27589;100;334.99;2
131489;0;187.41;3
131223;0;235.80;1
25739;0;104.85;12
135251;0;1196.75;4
133353;0;381.32;4
129409;0;199.97;1
141547;0;125.37;5
11884;100;92.88;9
25343;15;98.93;424
141266;0;1944.62;2
27446;100;329.95;1
139779;0;1497.50;1
140642;0;114.98;50
137366;0;380.56;2
27648;100;56.67;8
126054;0;45.87;3
139328;0;151.82;1
140161;0;200.38;3
23748;0;14.55;3
35692;100;83.29;3
134042;0;76.02;4
27369;100;88.70;7
25021;100;22.17;3
20586;100;57.88;2
98497;0;45.00;1
141065;0;53.30;5
25058;9;112.41;225
136913;0;135.30;1
25048;100;26.45;2
22927;100;49.44;24
27532;100;34.00;1
127680;0;319.60;1
132655;0;499.00;1
140953;0;999.00;1
125072;0;96.25;1
131143;0;75.02;2
27604;100;29.85;6
27519;100;42.81;16
134616;0;41.24;6
136898;0;848.00;1
12809;100;91.34;24
134068;0;44.13;1
25258;100;53.17;5
138831;0;89.55;21
139846;0;395.00;2
43488;0;86.18;6
140405;0;156.06;6
141570;0;216.30;1
135697;0;249.98;1
22997;100;172.20;3
22344;100;52.30;1
141492;0;42.95;2
136058;0;94.74;1
128094;0;135.44;6
25746;100;72.74;10
142534;0;248.18;6
19836;100;88.04;16
135778;0;996.41;3
25801;100;54.85;21
139481;0;52.09;46
23585;100;37.52;6
139656;0;2.00;1
19812;100;80.28;20
38203;0;29.23;15
127106;0;103.59;41
127345;0;799.80;1
141011;0;75.39;2
140388;0;85.39;2
140692;0;990.00;1
25231;100;35.10;1
140474;0;365.31;7
129024;0;1199.00;1
27468;100;22.16;25
142704;0;79.90;2
139099;0;463.72;1
25035;100;74.82;12
138243;0;28.45;2
140490;0;935.62;3
49663;0;63.32;1
22237;100;131.36;19
126752;0;1389.91;2
131905;0;265.96;3
22548;100;71.02;50
136703;0;45.08;12
25091;100;279.70;1
135687;0;86.03;4
136510;0;29.98;1
35591;67;151.10;6
67568;0;60.32;5
131749;0;396.10;1
27661;100;38.55;2
134702;0;87.15;2
135723;0;749.00;1
128761;0;326.05;2
141062;0;43.14;100
132542;0;64.17;3
131565;0;44.99;1
134461;0;79.94;2
22431;0;111.00;1
136969;0;69.90;1
140740;0;443.50;2
141380;0;161.30;17
20508;100;96.57;27
22768;100;59.49;46
141174;0;439.98;1
127589;0;486.44;5
25431;100;43.13;10
127084;0;989.52;2
142313;0;35.07;3
22882;100;186.12;6
135376;0;13.79;1
128174;0;843.57;7
139707;0;587.65;2
135698;0;570.08;7
70176;0;235.34;12
